0.97532415,-0.34237793,-0.4603637,-0.14044818,-0.004041345,-0.3364573,0.40065342,0.07202071,0.20725802,0.1479272,-0.2513997,-0.019874275,-0.041172244,-0.21278504,-0.006111898,0.111089684,-0.3980953,-0.03857613,-0.07677396,-0.00609406,-0.23770984,0.038244184,-0.09236843,-0.009507076,-0.06790385,-0.1445351,0.16011944,0.27712065,-0.04045001,0.1846917,0.376869,0.3581592,0.4056284,0.57756287,0.19135636,-0.24826513,0.15670338,0.20887125,0.083589405,0.13308491,0.12601203,-0.113532394,0.03475154,-0.10225921,-0.120197505,0.07475446,-0.32785642,-0.5512042,0.16717349,-0.15217963,0.44747642,0.14088026,0.21245702,0.5232243,-0.1568185,-0.13298221,-0.4252463,-0.17754102,-0.2300675,0.17922324,0.29277268,-0.12796424,-0.18209924,-0.1944676,0.1776654,0.40883774,0.1729925,0.259904,0.29408035,-0.059252813,0.3586435,-0.07466842,0.26509458,-0.00086700794,-0.23893058,-0.30355203,-0.41351935,-0.21432339,0.27092505,0.08709222
-0.34237793,0.38616523,0.08418118,-0.28823623,-0.13292417,0.16446297,-0.30090463,-0.118751235,-0.039389078,-0.04243456,0.16067702,-0.066510156,0.064188875,0.07796423,-0.13965975,0.11859411,0.13285777,0.07230602,-0.19770217,0.09830688,-0.07333615,-0.06989928,-0.02660685,-0.19205186,0.19033507,0.02888821,-0.3315915,0.08328238,-0.030466748,-0.06045083,-0.425171,-0.21089576,-0.15588118,-0.2743042,0.04787491,0.18286197,0.07275098,-0.3645091,0.023043469,-0.16123603,0.20786718,0.107698575,-0.030430986,-0.14385132,0.22757854,-0.1540413,-0.01312012,0.18631284,-0.18105006,0.10978652,-0.107619986,-0.05870818,0.0019465393,-0.100140244,0.056022514,0.049556375,-0.0818596,0.048559416,-0.00084062567,-0.11291123,-0.23653933,0.17382148,-0.05950776,0.035870943,-0.101315714,-0.03952656,-0.22507335,-0.25796494,-0.14235751,-0.12314587,-0.17369929,0.13821341,-0.0726323,0.13379446,0.23477338,0.07322503,0.18955527,-0.0097096125,-0.03960278,0.22139417
-0.4603637,0.08418118,0.7144534,0.22500093,0.50176704,0.0524908,-0.22505894,0.1330937,-0.323718,0.15637262,-0.0773464,0.18439962,0.24141492,0.11852053,0.33001888,-0.11736355,0.47721615,-0.056319915,0.21720254,-0.17574829,0.051729355,-0.3547323,0.028107407,0.09727612,0.039682925,0.122759454,-0.19325165,-0.44468674,0.02037498,-0.1401234,-0.14462116,-0.21853621,-0.108861566,0.20336933,0.053715587,0.17245257,0.049133487,-0.14002636,0.08791914,-0.09260985,-0.19888367,-0.1937097,0.2903788,0.118803136,0.058834497,0.28957894,0.13827598,0.3172677,-0.27020162,-0.46190014,-0.40361798,-0.11867551,-0.3768801,-0.1799734,0.27596343,0.22375704,0.38461488,0.24901019,0.22688313,0.10496916,0.12779303,-0.21549594,0.14739205,-0.07121263,-0.32788965,-0.18201464,-0.21145153,-0.14601216,-0.17488688,0.06870661,-0.089012034,-0.025305193,0.11283482,-0.076041415,-0.120198324,0.2111493,0.3455022,0.0929792,-0.30006918,0.1192951
-0.14044818,-0.28823623,0.22500093,0.52091366,0.24425364,0.044519234,0.18094593,0.09243428,-0.040588867,0.06426735,-0.022236735,0.21949576,-0.024746902,0.09255856,0.33747134,-0.2071168,0.16968495,-0.07320493,0.33772868,-0.2070084,0.23387972,-0.027028942,0.12761094,0.2820809,-0.09453833,0.06833123,0.29231745,-0.33571756,-0.025918752,0.045336276,0.31914902,-0.017856225,-0.019629255,0.1186851,-0.14742838,-0.12906529,-0.23298268,0.3829257,-0.09106048,0.1261963,-0.35965446,-0.0052321777,-0.013635469,0.27838397,-0.16283435,0.12446894,0.20892093,0.054866817,0.13994841,-0.045712214,-0.12189527,0.06948344,-0.124944255,-0.25845534,0.09274811,0.032312017,0.42836022,0.07426713,0.14178547,0.12203003,0.09986272,-0.16055752,0.1405703,-0.021505801,0.07750388,-0.117731065,0.15521222,0.16368262,0.0040664943,0.22500934,0.10222618,-0.10157522,-0.012343911,-0.14355619,-0.12229,0.00080095144,0.103593774,0.11712577,-0.2276753,-0.29504308
-0.004041345,-0.13292417,0.50176704,0.24425364,1.662943,-0.26539487,0.06430328,-0.020520922,-0.49141273,-0.17455582,-0.34335297,-0.06107547,-0.04577566,-0.03072013,0.10970197,-0.4873357,0.41189948,-0.40538174,-0.25965828,-0.016940668,-0.59167385,-0.22302516,0.1844424,0.17659643,-0.015377901,0.072930254,-0.33805847,-0.05745657,0.029905211,0.12255791,-0.038530618,0.23017672,0.19752945,0.2661853,0.31870538,-0.20075394,0.3108209,-0.4282226,0.41302913,0.22593042,-0.26992682,0.30410656,0.27812597,0.34406507,-0.071896434,0.19950399,0.025069447,-0.23238249,-0.09631517,-0.87167025,-0.8187077,-0.09284678,-0.5970874,-0.1387211,0.3051515,0.1444354,0.41901684,0.06889663,0.081557654,0.4529686,0.33983597,-0.36412472,0.022806276,-0.3388503,-0.14136975,-0.11621926,-0.23552673,0.3635626,-0.1073099,0.15106753,0.28906587,-0.086835206,-0.025771353,-0.043657422,-0.6322647,0.14828488,0.7779706,0.16178101,-0.16257325,0.2412157
-0.3364573,0.16446297,0.0524908,0.044519234,-0.26539487,0.9131651,-0.05405258,0.05954053,-0.0046328884,0.23723882,0.06251214,0.044233195,0.22303657,0.3116359,0.28920072,-0.30324188,0.30326283,0.12581241,0.026247257,0.19619992,0.5764417,0.15359133,0.09880345,-0.030192217,0.12120365,-0.058681846,0.12199305,0.16597252,0.020043865,0.108738504,-0.14126797,-0.078093916,0.19479054,0.009809248,-0.29464033,0.015657539,-0.15077111,0.2689276,-0.3673059,-0.13623346,0.21691726,0.1650368,-0.18546093,0.21227711,0.21996363,0.1159627,0.17647497,0.46818376,0.30670607,0.69293094,0.17005883,-0.03153808,0.09562761,-0.20369133,0.08416716,0.12291014,0.1240184,-0.2009188,-0.016515214,-0.08247141,-0.40063012,0.28160086,0.00058539765,-0.07952185,0.017562835,0.057377767,-0.21766791,-0.3834127,-0.56390953,0.041548263,-0.13854468,0.056682855,-0.37924573,0.011756691,0.51962125,0.23576154,0.33374602,0.054543708,-0.15792441,0.12256666
0.40065342,-0.30090463,-0.22505894,0.18094593,0.06430328,-0.05405258,0.40967223,0.12985212,0.25173408,0.23926666,0.043824967,0.070443235,-0.0956672,0.037462864,0.12555559,0.09895214,-0.081500314,-0.14498502,0.111126795,-0.0057522105,0.103663824,0.02917774,0.18213597,0.14662611,0.024228029,0.05830721,0.21737431,0.037263937,0.0030996276,0.15117535,0.24945082,0.14274745,0.16444285,0.23647277,-0.051714864,-0.23775733,-0.06303877,0.37406784,-0.017035581,0.20891395,-0.05899299,-0.0033327066,-0.12300834,0.08823098,-0.15562479,-0.03300347,0.006212736,-0.27892673,0.24472438,0.16407825,0.18948892,0.112620436,0.14300133,0.122582905,-0.09538475,-0.06204446,0.04822636,-0.094348766,-0.12028501,-0.016699865,0.17707257,-0.14946254,0.07825678,-0.19821626,0.17082536,0.084338315,0.0531047,0.15042806,0.1521893,0.03663208,0.15991463,-0.059284568,0.012417009,-0.053037614,-0.25736415,-0.076435246,-0.12833878,0.004601441,0.056391682,-0.14776728
0.07202071,-0.118751235,0.1330937,0.09243428,-0.020520922,0.05954053,0.12985212,0.6628857,0.17656176,0.5106934,0.051693648,0.23455337,0.087171026,-0.06214259,0.07253864,-0.1535377,0.18708086,-0.2725112,0.11828381,-0.008051506,0.488799,-0.0756633,0.05500083,0.053492732,-0.11664752,0.020024454,-0.18586798,-0.04961768,0.18375796,-0.11041525,0.18805425,-0.17809345,0.09829933,0.35794914,0.15089262,0.03700071,0.15939456,0.3103062,0.15289164,0.18516086,0.1735865,-0.3369207,0.089153334,-0.33663642,-0.05685678,0.00013286789,0.14563411,-0.03415743,-0.07929718,-0.003794556,-0.11816615,0.06533929,-0.21930529,0.25254512,0.21684404,0.10236975,-0.1259302,0.11238818,0.16698503,-0.34823272,0.2569685,-0.041533597,0.14973848,-0.035414226,-0.07287309,0.042308412,-0.32367173,-0.12388914,-0.013862147,-0.007542299,-0.1478587,0.052344758,-0.3793802,-0.14062437,-0.1731891,0.14907846,-0.26698995,0.18380126,-0.21061622,-0.017083433
0.20725802,-0.039389078,-0.323718,-0.040588867,-0.49141273,-0.0046328884,0.25173408,0.17656176,0.49998355,0.3573244,0.3605252,0.1390895,-0.11738578,0.06214348,-0.037831277,0.35345605,-0.085747965,-0.00048737353,0.052686516,-0.010178122,0.22500479,0.021040894,0.13680194,0.03205825,0.11330593,0.05070036,-0.025158295,-0.04520892,-0.03753531,0.0745479,-0.013078451,-0.14569744,-0.101987116,0.08689709,-0.016200203,-0.11334321,-0.08889063,0.36754176,-0.012568459,0.12943378,0.17218958,-0.103359684,-0.2615369,-0.2841003,-0.027711324,-0.31382528,0.001310726,-0.2234497,0.05915023,0.3952377,0.25441998,0.16815162,0.29677626,0.16145875,-0.14809437,-0.11603732,-0.12132492,-0.011586185,-0.099684626,-0.3093899,-0.048274875,-0.031893265,0.046676263,-0.13202786,0.16253495,0.11397007,-0.054406594,-0.054982778,0.23178145,-0.12854378,-0.060634088,0.1429517,-0.076053455,0.07146847,-0.008104853,-0.1567438,-0.28297263,-0.028057113,-0.014437724,-0.13440794
0.1479272,-0.04243456,0.15637262,0.06426735,-0.17455582,0.23723882,0.23926666,0.5106934,0.3573244,0.8516369,0.23232071,0.36135098,0.20906262,0.2157889,0.33497414,0.2979206,0.27432927,-0.20913512,0.2930041,-0.03668417,0.44642344,-0.3210336,0.22509998,0.07149474,0.2252729,0.13294134,-0.2137659,-0.14017807,-0.017198846,0.010301634,-0.046065897,-0.24655293,0.10623128,0.42921302,0.06715016,-0.0342561,0.05356857,0.40412307,-0.032516856,0.05729741,0.1986921,-0.31860736,-0.046498798,-0.22133744,0.15056977,0.019670302,0.091731295,0.02970807,0.03775236,0.21646024,0.21727812,0.09224155,0.06714028,0.22943692,0.15206034,0.15755332,-0.03715494,0.09033047,-0.015694061,-0.30330202,0.15183678,-0.11133871,0.10073888,-0.3642867,-0.08930731,0.1726959,-0.3917122,-0.31800082,-0.007486589,-0.06597017,-0.022748096,0.0886211,-0.06735948,-0.044801936,-0.12112115,0.083492294,-0.077684715,0.03344917,-0.20619413,0.10402465
-0.2513997,0.16067702,-0.0773464,-0.022236735,-0.34335297,0.06251214,0.043824967,0.051693648,0.3605252,0.23232071,0.48048347,0.09273213,-0.112994485,0.16770656,-0.0662826,0.38679922,0.11383897,-0.0024739993,0.031356193,0.0027173564,0.17677331,-0.05609703,0.20516668,0.015055119,0.20995091,0.16502629,-0.15592724,-0.17097813,-0.029995376,-0.0042967414,-0.28369257,-0.29626167,-0.31749544,-0.22308622,-0.07599272,0.0100836875,-0.12357645,0.122620516,0.007063216,0.061615404,0.0875666,-0.003587777,-0.24902058,-0.19809766,0.030216783,-0.3615741,0.116212815,-0.00878541,-0.06743254,0.37190467,-0.016391926,0.0745409,0.18621166,-0.09750442,-0.09164112,-0.052357998,0.111929536,0.08623096,-0.028396394,-0.34417468,-0.15442945,-0.024427667,0.14102016,-0.08034895,0.047627777,-0.1143237,-0.15756781,-0.15720138,0.1257446,-0.12815891,-0.21033183,0.17071761,-0.107198104,0.10312966,0.015616905,-0.010447685,-0.010256233,0.05405978,-0.09779008,-0.12139849
-0.019874275,-0.066510156,0.18439962,0.21949576,-0.06107547,0.044233195,0.070443235,0.23455337,0.1390895,0.36135098,0.09273213,0.39533544,0.08627392,0.07300033,0.30075532,0.0052339956,0.17833781,-0.09108272,0.26110467,-0.24049778,0.2115117,-0.2187747,0.040478576,0.10827467,0.0893669,0.021955354,-0.11832062,-0.23020288,-0.14536613,0.028723251,0.14910828,-0.25143397,-0.010155601,0.22451071,0.10606611,-0.03676425,-0.087199725,0.25211713,-0.023525087,0.02271504,-0.04166452,-0.08603443,-0.02897082,-0.118652456,0.11245598,-0.04336715,0.08672578,-0.00860726,-0.03167425,-0.03289649,0.032207996,0.17829095,-0.06432658,-0.07423376,0.23234619,0.074292906,0.05324272,0.16474444,0.1298112,-0.004613676,0.040940423,-0.0017267149,-0.06263821,-0.099550985,0.070234045,0.15297854,-0.06987095,-0.054869074,0.06448747,0.10842953,0.13103208,0.06389872,-0.005480818,-0.042484634,0.051559627,-0.14675385,-0.020804057,0.02763001,-0.32476935,-0.036772702
-0.041172244,0.064188875,0.24141492,-0.024746902,-0.04577566,0.22303657,-0.0956672,0.087171026,-0.11738578,0.20906262,-0.112994485,0.08627392,0.27559218,0.07129132,0.29621595,-0.003151925,0.19258618,0.048106533,0.110772066,-0.04209205,0.19804953,-0.17783071,-0.0631074,-0.08175475,0.1309601,0.042684678,0.04521486,-0.016965024,0.030381056,-0.020799251,-0.015473098,-0.1019721,0.15654255,0.29617664,-0.034628477,0.16030157,0.025069721,-0.03621981,-0.06083379,-0.13134454,0.05773557,-0.1370805,0.17692567,0.07685883,0.07084387,0.22544315,-0.03431672,0.1816936,-0.0603341,0.009496336,0.113296986,-0.023397705,-0.0571868,0.024679037,0.12640046,0.1272206,0.006389168,0.03537292,0.02903987,0.07178862,0.058325402,0.017901467,0.042706646,-0.0035440372,-0.12418528,0.053261083,-0.14244494,-0.24504654,-0.19240302,-0.0055899397,-0.030096851,-0.049278326,0.130056,-0.034238502,0.11777997,0.08825468,-0.020357965,-0.04862261,-0.07281925,0.19817886
-0.21278504,0.07796423,0.11852053,0.09255856,-0.03072013,0.3116359,0.037462864,-0.06214259,0.06214348,0.2157889,0.16770656,0.07300033,0.07129132,0.27690768,0.17361979,0.16532168,0.17123164,-0.01716111,0.16046187,0.051334076,0.11877382,-0.10168809,0.20396298,0.06898982,0.18842915,0.101026714,-0.016634475,-0.07834606,-0.0926302,0.04325792,-0.20637627,-0.065537974,-0.044283755,-0.15840578,-0.15518905,-0.047086634,-0.11944831,0.10912426,-0.19868463,-0.07723742,-0.030743413,0.07942705,-0.14594994,0.17382936,0.1652472,0.03185139,0.12526438,0.23746844,0.15908326,0.27063736,0.093823045,-0.047327552,0.11758785,-0.16988301,0.0055479845,0.094238,0.21325053,-0.025221761,-0.06488164,-0.051479734,-0.15125214,0.0050568017,0.03538189,-0.20679289,-0.046234384,-0.043141194,-0.10419815,-0.17842948,-0.14641838,0.024339281,-0.004143652,0.017258039,0.004111091,0.0199965,0.068531655,0.12188032,0.30941346,0.01592574,-0.06222307,0.007987656
-0.006111898,-0.13965975,0.33001888,0.33747134,0.10970197,0.28920072,0.12555559,0.07253864,-0.037831277,0.33497414,-0.0662826,0.30075532,0.29621595,0.17361979,0.7502544,-0.03552873,0.40937403,0.076679505,0.28798673,-0.28481543,0.39291647,-0.27545294,0.045313798,0.0693082,0.2914583,0.16961817,0.3678915,-0.25905028,-0.021057185,0.17160292,0.22487171,-0.21008572,0.22057085,0.68919957,-0.1639479,0.063827306,-0.21372548,0.2521645,-0.07687744,-0.0014793245,-0.16385384,-0.05795648,0.15315498,0.3317494,-0.122968204,0.2150207,0.0020617507,0.018419126,0.0052850056,0.10688704,0.11745677,0.17369229,-0.046075147,-0.18903798,0.16721965,0.08673113,0.36856255,0.0811213,0.05874102,0.27771544,0.13978413,-0.1514037,0.18391128,-0.06339754,0.06656519,0.0518385,-0.061503883,-0.15794094,-0.14741722,0.101972416,0.09862858,-0.09696344,0.28866056,-0.05682873,0.066746555,-0.07760292,-0.01763759,-0.055430926,-0.2856482,0.07069467
0.111089684,0.11859411,-0.11736355,-0.2071168,-0.4873357,-0.30324188,0.09895214,-0.1535377,0.35345605,0.2979206,0.38679922,0.0052339956,-0.003151925,0.16532168,-0.03552873,1.0254128,-0.16007563,-0.07528541,0.2277358,-0.015749287,-0.14888084,-0.35135022,0.19867225,-0.10528033,0.44643483,0.3437596,-0.035493217,-0.04370246,-0.1042011,-0.068887345,-0.3071457,-0.17490922,-0.23668025,-0.31930932,-0.0790105,0.11267462,-0.06959535,-0.15347266,-0.034847282,-0.08660747,-0.019512506,-0.14145736,-0.09132187,-0.06935224,0.06750148,-0.19846988,-0.08446712,-0.08306533,-0.068543956,0.23466197,0.41482604,-0.0067824596,0.39443493,0.07329429,-0.20666762,-0.0019249417,-0.060974497,0.12231293,-0.23794307,-0.23895493,0.14635642,-0.09858263,0.14369492,-0.12615255,-0.049470138,-0.0929697,-0.05080286,-0.22498888,0.35739395,-0.17121498,-0.03625423,-0.026804736,0.50588065,0.07317434,-0.24391446,-0.03605193,-0.27203116,-0.12943533,0.24725759,-0.018093374
-0.3980953,0.13285777,0.47721615,0.16968495,0.41189948,0.30326283,-0.081500314,0.18708086,-0.085747965,0.27432927,0.11383897,0.17833781,0.19258618,0.17123164,0.40937403,-0.16007563,0.6224881,-0.016995192,-0.018543528,-0.11495181,0.2941135,-0.2357737,0.121885434,0.02911609,0.2286032,0.17128097,-0.12756494,-0.29911724,0.09271853,0.056952816,-0.18477775,-0.3354,-0.021342322,0.44637927,-0.01115178,0.12295405,-0.005330385,-0.01347099,0.15444373,0.05817769,0.010263108,-0.019201068,0.1306732,0.07489756,-0.048154645,0.02123526,0.11112688,0.099410154,-0.22618525,-0.03011022,-0.40436777,0.050564133,-0.26496682,-0.19856775,0.22484492,0.11806795,0.40572652,0.14843005,0.15141046,0.018452607,0.016358795,-0.17442364,0.24331099,-0.10796235,-0.1148379,-0.12753084,-0.38104132,-0.21736942,-0.24080198,-0.034108374,-0.1815351,0.08869193,-0.092638165,0.02933368,-0.011830529,0.13192423,0.29636437,0.10527347,-0.3760254,0.1719005
-0.03857613,0.07230602,-0.056319915,-0.07320493,-0.40538174,0.12581241,-0.14498502,-0.2725112,-0.00048737353,-0.20913512,-0.0024739993,-0.09108272,0.048106533,-0.01716111,0.076679505,-0.07528541,-0.016995192,0.72874933,-0.08927435,-0.11600237,-0.011026973,0.20872225,-0.26747853,0.04271387,-0.2186759,-0.25438893,0.24395218,-0.47678068,-0.024654087,0.06437989,-0.13591895,0.0422245,-0.18941203,0.53674054,-0.1620059,-0.0034970674,-0.15860142,0.29024714,-0.105183005,-0.16480985,0.060192063,-0.2660298,-0.0039077364,-0.06856808,-0.13540556,0.14661299,-0.2086929,0.06824974,-0.17369765,-0.060815427,0.11681508,-0.030106518,0.24518412,0.14428039,-0.3751171,-0.20546657,0.11160261,-0.10614441,-0.017487952,0.15805428,-0.37949818,-0.2470435,-0.032937326,0.015860219,-0.10502923,0.0897307,0.30346373,0.035195164,-0.009058773,-0.23256233,-0.20148692,0.16052209,0.2755079,0.19288315,0.41143233,-0.22382449,-0.043534838,-0.27738455,0.01565881,-0.013001884
-0.07677396,-0.19770217,0.21720254,0.33772868,-0.25965828,0.026247257,0.111126795,0.11828381,0.052686516,0.2930041,0.031356193,0.26110467,0.110772066,0.16046187,0.28798673,0.2277358,-0.018543528,-0.08927435,0.5839518,-0.16131091,0.25845045,-0.19220911,0.10358334,0.18991093,-0.006208491,0.10665757,0.21743058,-0.2727212,-0.10525966,-0.11145361,0.20952266,-0.055256303,-0.055917516,-0.12597544,-0.16509354,-0.006466619,-0.2099231,0.34730557,-0.27295375,-0.081592314,-0.28306633,-0.22829545,-0.0068384088,0.16248961,0.06130964,0.22343038,0.18316804,0.27297527,0.16858976,0.05926247,0.28329653,-0.024488308,0.069398426,-0.10844671,0.06332691,0.13126619,0.17445908,0.1134181,0.06152002,-0.048991375,0.12417625,-0.043836646,0.06735303,-0.041248426,-0.063942574,-0.051471535,0.14903955,-0.07648979,0.06146265,0.1830167,0.09633238,-0.14343731,0.19028829,-0.17661597,-0.058942866,0.06881799,-0.09150295,0.03027601,-0.07066753,-0.24655361
-0.00609406,0.09830688,-0.17574829,-0.2070084,-0.016940668,0.19619992,-0.0057522105,-0.008051506,-0.010178122,-0.03668417,0.0027173564,-0.24049778,-0.04209205,0.051334076,-0.28481543,-0.015749287,-0.11495181,-0.11600237,-0.16131091,0.33093005,-0.020016039,0.16916753,0.09193843,-0.08156018,-0.035041824,-0.032638475,-0.10126173,0.3624625,0.08257316,-0.038242653,-0.1861576,0.18667029,0.08518304,-0.37371778,-0.05293963,-0.030599283,0.12698697,-0.113836385,-0.08701492,-0.024678962,0.17578392,0.11753677,-0.10680612,0.019333242,0.12362133,0.0013403086,0.04914549,0.14338575,0.19441766,0.2436989,0.053501084,-0.16278547,0.06728908,0.08337247,-0.073789425,0.043121766,-0.1610545,-0.17556937,-0.12516667,-0.17961863,-0.09670509,0.16379124,-0.029289076,-0.05886152,-0.0609834,-0.042952962,-0.12698013,-0.09266376,-0.17469145,-0.046329826,-0.0806829,-0.011462805,-0.2607815,0.00030745583,0.002321576,0.24697125,0.14765416,0.063015684,0.21988906,0.07445822
-0.23770984,-0.07333615,0.051729355,0.23387972,-0.59167385,0.5764417,0.103663824,0.488799,0.22500479,0.44642344,0.17677331,0.2115117,0.19804953,0.11877382,0.39291647,-0.14888084,0.2941135,-0.011026973,0.25845045,-0.020016039,1.0401114,0.08355378,0.06527064,-0.011840578,0.07465533,0.14082843,0.39591315,-0.020497182,0.25529787,-0.024969028,0.2646174,-0.33320314,0.11512371,0.29513088,-0.32142305,0.19224578,-0.22082053,0.51905274,-0.15648519,0.09795174,0.11394086,-0.20897987,-0.025205938,-0.00082666386,-0.1907785,-0.0077184704,0.24291079,0.22119597,0.09551266,0.7267423,0.16251314,0.13282184,0.003887904,-0.08963032,0.11030342,0.058087118,0.12407836,0.01440241,0.14789832,-0.35180408,0.027238095,0.15010801,0.36496222,0.2374452,0.1004526,-0.1109053,-0.21340652,-0.36933354,-0.2635583,0.037772026,-0.33830056,-0.02622444,-0.37409434,-0.15023914,0.24986067,0.1966559,-0.422066,0.17444877,-0.23826145,-0.1640338
0.038244184,-0.06989928,-0.3547323,-0.027028942,-0.22302516,0.15359133,0.02917774,-0.0756633,0.021040894,-0.3210336,-0.05609703,-0.2187747,-0.17783071,-0.10168809,-0.27545294,-0.35135022,-0.2357737,0.20872225,-0.19220911,0.16916753,0.08355378,0.47167417,-0.098005734,0.036218837,-0.33858708,-0.23850247,0.21429713,0.1326488,0.089224845,0.03695948,0.11065881,0.24266075,0.0072392235,-0.11416106,-0.13728294,-0.12958549,-0.061878283,0.23066077,-0.112745166,0.050837807,0.08191799,0.078988865,-0.1676969,-0.01446024,-0.11842766,-0.03344729,0.012750527,0.011761733,0.18647632,0.2267009,0.030796485,-0.041503888,0.11249473,0.059327304,-0.22590424,-0.16084833,-0.08764786,-0.23047242,-0.025369737,-0.05449313,-0.25114506,0.1027531,-0.06053247,0.13629006,0.11090413,0.004970102,0.22625351,0.17007941,-0.08202569,-0.020238888,-0.10240627,0.038147748,-0.3053401,0.021383712,0.21987179,-0.0051895306,-0.05155468,0.008968049,0.13850254,-0.1762918
-0.09236843,-0.02660685,0.028107407,0.12761094,0.1844424,0.09880345,0.18213597,0.05500083,0.13680194,0.22509998,0.20516668,0.040478576,-0.0631074,0.20396298,0.045313798,0.19867225,0.121885434,-0.26747853,0.10358334,0.09193843,0.06527064,-0.098005734,0.31282252,0.091522805,0.19017163,0.19346783,-0.06314737,0.042060986,-0.019545417,0.041921593,-0.11539882,-0.028737118,-0.025310092,-0.25819135,-0.077353194,-0.105711155,-0.04333799,0.061442953,-0.04320572,0.10197431,-0.06629946,0.14068632,-0.15692618,0.13781703,0.053284682,-0.10372407,0.16707304,0.026123332,0.1774801,0.22927119,-0.035830606,-0.013442722,0.03927647,-0.1367839,0.032588452,0.074858256,0.19330077,-0.00024305996,-0.07474889,-0.1430985,0.049126912,-0.032781415,0.11980039,-0.20930502,0.027883898,-0.11808844,-0.16748552,-0.055250447,-0.013347902,0.049940705,0.026744673,-0.021001847,-0.10817135,-0.030416215,-0.222881,0.15325229,0.22733437,0.12224068,-0.017676607,-0.06913757
-0.009507076,-0.19205186,0.09727612,0.2820809,0.17659643,-0.030192217,0.14662611,0.053492732,0.03205825,0.07149474,0.015055119,0.10827467,-0.08175475,0.06898982,0.0693082,-0.10528033,0.02911609,0.04271387,0.18991093,-0.08156018,-0.011840578,0.036218837,0.091522805,0.2701211,-0.2156143,-0.080108374,0.037751753,-0.35088173,-0.06921289,0.015183991,0.08337454,0.1090097,-0.101072066,0.10978342,-0.030410396,-0.21496697,-0.08609625,0.3701925,-0.07133142,0.066669345,-0.18001184,-0.11566715,-0.080993354,0.052879,-0.0397567,0.117373094,0.103956446,0.038096976,0.100174904,-0.17527203,-0.08051091,-0.030505376,-0.006198892,0.0033144138,-0.0662543,-0.013106147,0.23432279,-0.0022726196,0.04715712,0.030894874,-0.03329165,-0.23185301,-0.0026929672,-0.19783035,-0.052147876,-0.0051610665,0.1458738,0.18715426,0.06844822,0.06285977,0.065338686,0.022671102,-0.012379135,-0.037070055,-0.114810735,-0.017071865,0.19378191,0.021304268,-0.09247728,-0.20047966
-0.06790385,0.19033507,0.039682925,-0.09453833,-0.015377901,0.12120365,0.024228029,-0.11664752,0.11330593,0.2252729,0.20995091,0.0893669,0.1309601,0.18842915,0.2914583,0.44643483,0.2286032,-0.2186759,-0.006208491,-0.035041824,0.07465533,-0.33858708,0.19017163,-0.2156143,0.6554242,0.37023813,-0.006019533,0.2694258,-0.05580833,0.12883162,-0.16801886,-0.31214827,0.10037145,-0.11124031,-0.05544482,0.17563827,-0.07168392,-0.3581746,0.036117744,-0.016707025,0.04115934,0.3000813,-0.015890624,0.18090732,0.08626904,-0.23933241,-0.027086109,-0.09775111,-0.021471376,0.3966772,0.133138,0.15715499,0.08319669,-0.26981422,0.16911972,0.0861613,0.06825797,0.094367795,-0.12111368,0.025925556,0.10907158,0.16016184,0.12630291,-0.009795983,0.16302505,-0.041488815,-0.2962628,-0.30432156,-0.03670352,0.0036257955,0.06632849,-0.05102122,0.20028396,0.05473688,-0.027019722,-0.015431336,-0.007626314,-0.0012756089,-0.054639783,0.21392986
-0.1445351,0.02888821,0.122759454,0.06833123,0.072930254,-0.058681846,0.05830721,0.020024454,0.05070036,0.13294134,0.16502629,0.021955354,0.042684678,0.101026714,0.16961817,0.3437596,0.17128097,-0.25438893,0.10665757,-0.032638475,0.14082843,-0.23850247,0.19346783,-0.080108374,0.37023813,0.36655185,0.10779952,0.0754853,0.0871028,-0.013777668,-0.037546553,-0.21404435,-0.019442732,-0.16229941,-0.10929644,0.16774732,-0.06547954,-0.21247956,0.086628966,0.0775997,-0.12240536,0.09014288,0.062898524,0.17778781,-0.113364235,-0.12689918,0.08338841,-0.047687195,-0.051524106,0.20639335,-0.03721461,0.046601214,-0.03498805,-0.21030116,0.09170901,0.071933374,0.19071138,0.13228644,-0.022808688,-0.085910454,0.25095466,-0.00523961,0.28979534,0.082775384,0.046423312,-0.2409448,-0.18803571,-0.16097519,0.040820763,0.029610164,-0.065835424,-0.119146265,0.12061208,-0.05780284,-0.24386206,0.12411542,-0.112494044,0.10304595,-0.00490943,-0.014327305
0.16011944,-0.3315915,-0.19325165,0.29231745,-0.33805847,0.12199305,0.21737431,-0.18586798,-0.025158295,-0.2137659,-0.15592724,-0.11832062,0.04521486,-0.016634475,0.3678915,-0.035493217,-0.12756494,0.24395218,0.21743058,-0.10126173,0.39591315,0.21429713,-0.06314737,0.037751753,-0.006019533,0.10779952,0.96482825,0.0003745354,0.16213222,0.120893046,0.4832737,0.15062569,0.19300511,0.2756857,-0.48012328,0.0474333,-0.36355445,0.33705494,-0.21418062,0.054410353,-0.2881906,-0.016479481,0.06284891,0.50337225,-0.46776882,0.20101349,-0.03392117,-0.04801141,0.23289244,0.41320437,0.36857876,0.07349921,0.20592119,-0.14192837,-0.2494633,-0.1378253,0.26492956,-0.1495292,-0.06751377,0.214764,0.1259655,-0.06121539,0.3027488,0.3188231,0.21926254,-0.15518123,0.39786243,0.078410886,-0.026508914,0.097484946,-0.024003988,-0.27663714,0.28420758,-0.1206699,0.074840166,-0.04794202,-0.45933485,-0.07351596,0.17502138,-0.29099402
0.27712065,0.08328238,-0.44468674,-0.33571756,-0.05745657,0.16597252,0.037263937,-0.04961768,-0.04520892,-0.14017807,-0.17097813,-0.23020288,-0.016965024,-0.07834606,-0.25905028,-0.04370246,-0.29911724,-0.47678068,-0.2727212,0.3624625,-0.020497182,0.1326488,0.042060986,-0.35088173,0.2694258,0.0754853,0.0003745354,1.0936103,0.05283427,0.06288736,0.13165955,0.166622,0.47144052,-0.6575174,0.035706837,0.07213748,0.16273762,-0.50435346,-0.06881688,0.008038927,0.24045886,0.54820526,-0.07876427,0.14490458,0.19866931,-0.1854095,-0.021865975,-0.08112117,0.36309454,0.5258123,0.28516674,0.03655218,0.02432413,-0.07152962,0.20416747,0.0859702,-0.51967907,-0.20220792,-0.18772385,-0.038094655,0.10847567,0.6455025,-0.16986339,0.21105549,0.2992924,0.09843427,-0.17853768,-0.13092783,-0.20229134,0.15322803,0.21740982,-0.18740901,-0.3119343,-0.08455525,0.055031136,0.14170118,-0.13588962,0.108856164,0.29437363,0.21233803
-0.04045001,-0.030466748,0.02037498,-0.025918752,0.029905211,0.020043865,0.0030996276,0.18375796,-0.03753531,-0.017198846,-0.029995376,-0.14536613,0.030381056,-0.0926302,-0.021057185,-0.1042011,0.09271853,-0.024654087,-0.10525966,0.08257316,0.25529787,0.089224845,-0.019545417,-0.06921289,-0.05580833,0.0871028,0.16213222,0.05283427,0.2805531,-0.06311498,0.058485575,-0.020209229,0.052386038,0.18732196,-0.084271364,0.14421375,0.06862797,-0.01837799,0.14652039,0.1155485,0.053681817,-0.13647793,0.1500987,-0.0064813807,-0.26588115,0.031083124,0.018902635,-0.037258495,-0.10652969,0.069961175,-0.14694932,-0.044633117,-0.116900586,0.09250304,-0.042259473,-0.018212557,0.039324593,-0.009169055,0.044969503,-0.1394727,0.17038196,-0.07228327,0.27820304,0.17592174,-0.060026836,-0.18676871,-0.12541926,-0.060371153,-0.07273351,-0.082515,-0.2570053,-0.054934166,-0.13208576,-0.058529314,-0.12404546,0.17994753,-0.23780188,0.091469906,0.05954128,-0.0110258525
0.1846917,-0.06045083,-0.1401234,0.045336276,0.12255791,0.108738504,0.15117535,-0.11041525,0.0745479,0.010301634,-0.0042967414,0.028723251,-0.020799251,0.04325792,0.17160292,-0.068887345,0.056952816,0.06437989,-0.11145361,-0.038242653,-0.024969028,0.03695948,0.041921593,0.015183991,0.12883162,-0.013777668,0.120893046,0.06288736,-0.06311498,0.21777351,0.06358047,0.039976504,0.14652164,0.2694933,-0.022638943,-0.13319391,-0.071240276,0.09455375,-0.001762146,0.07080608,0.024565415,0.19251347,-0.08761263,0.12307932,-0.048089027,-0.071232565,-0.08628546,-0.2038721,0.103141,0.13176192,0.06376947,0.13562167,0.091209084,-0.045298595,-0.030957833,-0.07499025,0.06846702,-0.09666727,-0.088451214,0.18141039,-0.061806235,-0.029738879,-0.04427018,-0.11383732,0.18246676,0.13317354,0.023984745,0.07468136,-0.016966896,0.002580607,0.14194475,0.02617961,0.04873046,0.07440914,0.055432003,-0.1658514,0.083407365,-0.07173422,-0.04482292,0.056842927
0.376869,-0.425171,-0.14462116,0.31914902,-0.038530618,-0.14126797,0.24945082,0.18805425,-0.013078451,-0.046065897,-0.28369257,0.14910828,-0.015473098,-0.20637627,0.22487171,-0.3071457,-0.18477775,-0.13591895,0.20952266,-0.1861576,0.2646174,0.11065881,-0.11539882,0.08337454,-0.16801886,-0.037546553,0.4832737,0.13165955,0.058485575,0.06358047,0.7191638,0.11500646,0.3034078,0.27163196,-0.0350331,-0.06356112,-0.12216242,0.3023723,-0.024190506,0.16963334,-0.20576535,-0.012326398,0.10200915,0.14781922,-0.26951617,0.10362557,0.01144441,-0.23362158,0.18387838,0.0027001868,0.17943002,0.1945523,-0.09392539,-0.0033811915,0.11585391,-0.048254807,-0.06547484,-0.011002127,0.09672455,0.17914905,0.31213918,0.074953265,0.021608427,0.25395146,0.2815911,0.09591777,0.2727802,0.2408538,0.10542628,0.24992189,0.23764943,-0.21327014,-0.0063757696,-0.21256226,-0.073210485,-0.1614922,-0.4716389,0.049613114,-0.037296277,-0.2364757
0.3581592,-0.21089576,-0.21853621,-0.017856225,0.23017672,-0.078093916,0.14274745,-0.17809345,-0.14569744,-0.24655293,-0.29626167,-0.25143397,-0.1019721,-0.065537974,-0.21008572,-0.17490922,-0.3354,0.0422245,-0.055256303,0.18667029,-0.33320314,0.24266075,-0.028737118,0.1090097,-0.31214827,-0.21404435,0.15062569,0.166622,-0.020209229,0.039976504,0.11500646,0.52452296,0.1826049,-0.069630496,-0.026009327,-0.250316,0.08429935,0.09177443,-0.1306243,-0.014097177,-0.071053654,0.035712823,-0.029592693,0.19155003,-0.005807984,0.2714806,-0.08438436,-0.013728838,0.29528922,-0.18483889,0.14744882,-0.17350857,0.09301843,0.20446892,-0.21020672,-0.04435599,-0.09842678,-0.25160873,-0.15438683,0.18064784,-0.009605891,-0.07317577,-0.16880111,-0.14899541,-0.044985916,0.09046106,0.27351943,0.2760183,-0.013358651,0.04171097,0.1976102,-0.11340863,0.04718558,-0.03671216,-0.1177328,0.04447926,0.15716708,-0.080635995,0.31655672,-0.04329518
0.4056284,-0.15588118,-0.108861566,-0.019629255,0.19752945,0.19479054,0.16444285,0.09829933,-0.101987116,0.10623128,-0.31749544,-0.010155601,0.15654255,-0.044283755,0.22057085,-0.23668025,-0.021342322,-0.18941203,-0.055917516,0.08518304,0.11512371,0.0072392235,-0.025310092,-0.101072066,0.10037145,-0.019442732,0.19300511,0.47144052,0.052386038,0.14652164,0.3034078,0.1826049,0.52065504,0.28954414,0.021904955,-0.035124548,0.09629864,-0.026624316,-0.040741462,0.039060466,0.09222868,0.15594186,0.10852386,0.21438645,0.0049712895,0.17657694,-0.08968259,-0.115466565,0.24030733,0.12757808,0.22268495,0.07171215,-0.05610353,0.089448884,0.16104607,0.07723857,-0.18981707,-0.15365842,-0.08716947,0.20527448,0.196535,0.16892156,-0.07098103,-0.016114505,0.14265345,0.204969,-0.083193965,-0.029842166,-0.1948247,0.11871455,0.24231902,-0.16257468,-0.0371916,-0.09681795,-0.007739544,0.025125526,-0.084540606,-0.012411412,0.07013041,0.20271438
0.57756287,-0.2743042,0.20336933,0.1186851,0.2661853,0.009809248,0.23647277,0.35794914,0.08689709,0.42921302,-0.22308622,0.22451071,0.29617664,-0.15840578,0.68919957,-0.31930932,0.44637927,0.53674054,-0.12597544,-0.37371778,0.29513088,-0.11416106,-0.25819135,0.10978342,-0.11124031,-0.16229941,0.2756857,-0.6575174,0.18732196,0.2694933,0.27163196,-0.069630496,0.28954414,2.046602,0.12626673,-0.054630887,0.083733514,0.59240085,0.35292792,0.18370691,0.17211077,-0.6179579,0.38265282,-0.18552439,-0.49743807,0.32155505,-0.38552868,-0.5046944,-0.41328487,-0.47426957,-0.07450513,0.23632428,-0.084736824,0.562826,-0.12554735,-0.16682573,0.17461216,0.0022762322,0.06991322,0.32887024,0.22583045,-0.7137808,0.21325749,-0.24341373,-0.094172604,0.33648637,-0.07329627,0.08296554,0.053469565,-0.30553922,-0.09260542,0.14993496,0.36779422,0.11788202,-0.046128057,-0.3509724,-0.34120315,-0.28331763,-0.28718457,0.2603533
0.19135636,0.04787491,0.053715587,-0.14742838,0.31870538,-0.29464033,-0.051714864,0.15089262,-0.016200203,0.06715016,-0.07599272,0.10606611,-0.034628477,-0.15518905,-0.1639479,-0.0790105,-0.01115178,-0.1620059,-0.16509354,-0.05293963,-0.32142305,-0.13728294,-0.077353194,-0.030410396,-0.05544482,-0.10929644,-0.48012328,0.035706837,-0.084271364,-0.022638943,-0.0350331,-0.026009327,0.021904955,0.12626673,0.39903787,-0.052428488,0.2640667,-0.20254076,0.24970584,0.043346323,0.13308531,-0.023921024,0.08236574,-0.32503986,0.14939447,-0.08927279,-0.09863403,-0.21766801,-0.19295938,-0.46063164,-0.20517232,0.054078482,-0.19128874,0.19314907,0.18318452,0.02828458,-0.25793317,0.10648726,0.060937192,0.030281553,0.105753556,-0.017344085,-0.21957274,-0.12365334,-0.04087356,0.19935124,-0.13865694,0.1112113,0.14110763,-0.025390796,0.15044352,0.11175298,-0.05572122,0.04090799,-0.13963279,-0.13085034,0.06195473,-0.003776298,-0.09899829,0.18537347
-0.24826513,0.18286197,0.17245257,-0.12906529,-0.20075394,0.015657539,-0.23775733,0.03700071,-0.11334321,-0.0342561,0.0100836875,-0.03676425,0.16030157,-0.047086634,0.063827306,0.11267462,0.12295405,-0.0034970674,-0.006466619,-0.030599283,0.19224578,-0.12958549,-0.105711155,-0.21496697,0.17563827,0.16774732,0.0474333,0.07213748,0.14421375,-0.13319391,-0.06356112,-0.250316,-0.035124548,-0.054630887,-0.052428488,0.350072,0.01667074,-0.31960574,0.08233133,-0.08803272,0.039110173,-0.075812675,0.20638901,-0.01878043,-0.05906983,-0.011757866,-0.006786616,0.12313533,-0.24057814,0.07796175,-0.043356083,-0.014889978,-0.109257005,-0.092329666,0.1075507,0.06479152,-0.031753853,0.13537416,0.085572176,-0.07975688,0.11087571,0.12316515,0.17957707,0.30732492,-0.07552494,-0.1699123,-0.14913654,-0.25650865,-0.08353266,-0.042718608,-0.21766108,-0.060168054,0.071672745,-0.03131038,0.07879528,0.116093025,-0.25592598,0.03625384,-0.012905186,0.10522885
0.15670338,0.07275098,0.049133487,-0.23298268,0.3108209,-0.15077111,-0.06303877,0.15939456,-0.08889063,0.05356857,-0.12357645,-0.087199725,0.025069721,-0.11944831,-0.21372548,-0.06959535,-0.005330385,-0.15860142,-0.2099231,0.12698697,-0.22082053,-0.061878283,-0.04333799,-0.08609625,-0.07168392,-0.06547954,-0.36355445,0.16273762,0.06862797,-0.071240276,-0.12216242,0.08429935,0.09629864,0.083733514,0.2640667,0.01667074,0.3173527,-0.24924582,0.20645829,0.020328255,0.18554199,-0.078751326,0.13751589,-0.21265334,0.0893047,0.042458057,-0.08390372,-0.08449304,-0.13073133,-0.32481384,-0.16994134,-0.088791355,-0.17028415,0.2642434,0.08809933,0.06343347,-0.24341737,0.007582456,-0.0054066894,-0.054781176,0.1354882,-0.026883423,-0.08205997,-0.10267488,-0.15668996,0.0764537,-0.2143274,0.001587475,-0.008795092,-0.08761495,0.00042787075,0.040551137,-0.10123914,0.009897877,-0.18284586,0.09536857,0.060019597,0.020397387,0.06712582,0.23059204
0.20887125,-0.3645091,-0.14002636,0.3829257,-0.4282226,0.2689276,0.37406784,0.3103062,0.36754176,0.40412307,0.122620516,0.25211713,-0.03621981,0.10912426,0.2521645,-0.15347266,-0.01347099,0.29024714,0.34730557,-0.113836385,0.51905274,0.23066077,0.061442953,0.3701925,-0.3581746,-0.21247956,0.33705494,-0.50435346,-0.01837799,0.09455375,0.3023723,0.09177443,-0.026624316,0.59240085,-0.20254076,-0.31960574,-0.24924582,1.055626,-0.2555996,0.123673744,-0.024124306,-0.40063906,-0.2326607,-0.09559351,-0.16009004,0.14810897,0.10915971,0.024388595,0.25448084,0.23799185,0.28125924,0.08717912,0.25253958,0.23148522,-0.24280085,-0.11735349,0.17291524,-0.12767267,0.02741876,-0.14941292,-0.1555112,-0.28434345,0.05573253,-0.24434564,0.04541779,0.17217846,0.23360135,0.11584674,0.06315541,-0.01654569,-0.048460726,0.104336895,-0.13199177,-0.043362994,0.12126786,-0.11800292,-0.1464727,-0.048890863,-0.14735538,-0.361478
0.083589405,0.023043469,0.08791914,-0.09106048,0.41302913,-0.3673059,-0.017035581,0.15289164,-0.012568459,-0.032516856,0.007063216,-0.023525087,-0.06083379,-0.19868463,-0.07687744,-0.034847282,0.15444373,-0.105183005,-0.27295375,-0.08701492,-0.15648519,-0.112745166,-0.04320572,-0.07133142,0.036117744,0.086628966,-0.21418062,-0.06881688,0.14652039,-0.001762146,-0.024190506,-0.1306243,-0.040741462,0.35292792,0.24970584,0.08233133,0.20645829,-0.2555996,0.44126266,0.19325586,0.05975834,-0.064770475,0.19899404,-0.22104673,-0.22001338,-0.16830403,-0.10965909,-0.37382233,-0.36589473,-0.37921426,-0.4076964,0.08285897,-0.24736601,0.13039625,0.072615474,-0.060335997,-0.009367704,0.14661387,0.0804184,-0.0041593406,0.2599572,-0.2056919,0.14014941,0.04804295,-0.022163328,-0.06457302,-0.19476189,0.109677784,0.17284691,-0.12497634,-0.092250705,0.06675521,0.0013786745,0.047722183,-0.30593312,-0.070765726,-0.13759361,0.046028595,-0.0806565,0.118681245
0.13308491,-0.16123603,-0.09260985,0.1261963,0.22593042,-0.13623346,0.20891395,0.18516086,0.12943378,0.05729741,0.061615404,0.02271504,-0.13134454,-0.07723742,-0.0014793245,-0.08660747,0.05817769,-0.16480985,-0.081592314,-0.024678962,0.09795174,0.050837807,0.10197431,0.066669345,-0.016707025,0.0775997,0.054410353,0.008038927,0.1155485,0.07080608,0.16963334,-0.014097177,0.039060466,0.18370691,0.043346323,-0.08803272,0.020328255,0.123673744,0.19325586,0.255198,-0.024995795,0.030105835,-0.016312836,-0.041260708,-0.23066707,-0.15765974,0.03897448,-0.29319996,-0.008105376,0.009133871,-0.18266796,0.11236073,-0.089903325,0.033317227,0.0102671785,-0.07097674,0.077668294,0.016179865,0.026063558,-0.069706164,0.18417652,-0.11915573,0.15426697,-0.0029925907,0.13143149,-0.057819974,-0.06707196,0.14997785,0.118608125,0.0044435747,-0.013896476,0.0014008076,-0.15736385,-0.03408921,-0.2530754,-0.030075291,-0.12693492,0.105949625,-0.05677176,-0.10932445
0.12601203,0.20786718,-0.19888367,-0.35965446,-0.26992682,0.21691726,-0.05899299,0.1735865,0.17218958,0.1986921,0.0875666,-0.04166452,0.05773557,-0.030743413,-0.16385384,-0.019512506,0.010263108,0.060192063,-0.28306633,0.17578392,0.11394086,0.08191799,-0.06629946,-0.18001184,0.04115934,-0.12240536,-0.2881906,0.24045886,0.053681817,0.024565415,-0.20576535,-0.071053654,0.09222868,0.17211077,0.13308531,0.039110173,0.18554199,-0.024124306,0.05975834,-0.024995795,0.44296053,-0.04965942,-0.06855242,-0.35178703,0.14762296,-0.14199099,-0.10536787,-0.04587508,-0.06408213,0.21297379,0.086411305,0.02813269,0.0843234,0.27437147,-0.00860709,-0.01974751,-0.35880202,-0.09363225,-0.06505883,-0.21481192,-0.15600365,0.14704283,-0.10748835,-0.07059841,-0.015533063,0.20467189,-0.26565665,-0.20377685,-0.106838085,-0.19773975,-0.13799581,0.18231411,-0.24866049,0.11775188,0.20987767,0.00022578478,-0.079473265,-0.045847654,0.015295409,0.25005063
-0.113532394,0.107698575,-0.1937097,-0.0052321777,0.30410656,0.1650368,-0.0033327066,-0.3369207,-0.103359684,-0.31860736,-0.003587777,-0.08603443,-0.1370805,0.07942705,-0.05795648,-0.14145736,-0.019201068,-0.2660298,-0.22829545,0.11753677,-0.20897987,0.078988865,0.14068632,-0.11566715,0.3000813,0.09014288,-0.016479481,0.54820526,-0.13647793,0.19251347,-0.012326398,0.035712823,0.15594186,-0.6179579,-0.023921024,-0.075812675,-0.078751326,-0.40063906,-0.064770475,0.030105835,-0.04965942,0.73064494,-0.20375422,0.32731748,0.16575119,-0.27824402,0.0658101,-0.06910658,0.27067655,0.33169764,-0.069598295,0.106029354,-0.022551345,-0.46098766,0.18328565,0.016373374,0.02365024,-0.098825924,-0.090003066,0.20464416,-0.14107768,0.40130287,-0.16625717,0.07071585,0.3403622,-0.0092406,-0.028348928,0.06076105,-0.1554238,0.21222992,0.2690011,-0.06618263,-0.18857151,0.032406926,0.10930712,-0.037430193,0.35262135,0.09838897,-0.0021625564,0.06465672
0.03475154,-0.030430986,0.2903788,-0.013635469,0.27812597,-0.18546093,-0.12300834,0.089153334,-0.2615369,-0.046498798,-0.24902058,-0.02897082,0.17692567,-0.14594994,0.15315498,-0.09132187,0.1306732,-0.0039077364,-0.0068384088,-0.10680612,-0.025205938,-0.1676969,-0.15692618,-0.080993354,-0.015890624,0.062898524,0.06284891,-0.07876427,0.1500987,-0.08761263,0.10200915,-0.029592693,0.10852386,0.38265282,0.08236574,0.20638901,0.13751589,-0.2326607,0.19899404,-0.016312836,-0.06855242,-0.20375422,0.371625,0.04373097,-0.1643474,0.2330176,-0.10204203,-0.03400222,-0.26284167,-0.39940453,-0.1612764,-0.046564054,-0.25278378,0.09435411,0.10872895,0.06500693,0.026030732,0.11691904,0.10077398,0.15401068,0.29747656,-0.14511429,0.13730146,0.1440309,-0.16384509,-0.07556396,-0.06416459,-0.023438962,-0.023554387,-0.018324247,-0.053554766,-0.1120226,0.21279962,-0.070847616,-0.16004565,0.064175665,-0.16723734,-0.015041988,-0.008027343,0.15023166
-0.10225921,-0.14385132,0.118803136,0.27838397,0.34406507,0.21227711,0.08823098,-0.33663642,-0.2841003,-0.22133744,-0.19809766,-0.118652456,0.07685883,0.17382936,0.3317494,-0.06935224,0.07489756,-0.06856808,0.16248961,0.019333242,-0.00082666386,-0.01446024,0.13781703,0.052879,0.18090732,0.17778781,0.50337225,0.14490458,-0.0064813807,0.12307932,0.14781922,0.19155003,0.21438645,-0.18552439,-0.32503986,-0.01878043,-0.21265334,-0.09559351,-0.22104673,-0.041260708,-0.35178703,0.32731748,0.04373097,0.70075274,-0.092779234,0.24989124,0.078603745,0.16180061,0.3111224,0.18215752,0.08820379,-0.0660405,-9.179133e-05,-0.39052716,0.013280382,0.079360835,0.3921341,-0.11027201,-0.08833437,0.35009605,0.07084945,0.02860594,0.12898834,0.03923727,0.086883724,-0.1884882,0.15707141,0.030875323,-0.22373545,0.22541706,0.18114677,-0.28299958,0.2167185,-0.10650054,-0.055941485,0.14568344,0.26092154,0.023331858,0.10066021,-0.057094853
-0.120197505,0.22757854,0.058834497,-0.16283435,-0.071896434,0.21996363,-0.15562479,-0.05685678,-0.027711324,0.15056977,0.030216783,0.11245598,0.07084387,0.1652472,-0.122968204,0.06750148,-0.048154645,-0.13540556,0.06130964,0.12362133,-0.1907785,-0.11842766,0.053284682,-0.0397567,0.08626904,-0.113364235,-0.46776882,0.19866931,-0.26588115,-0.048089027,-0.26951617,-0.005807984,0.0049712895,-0.49743807,0.14939447,-0.05906983,0.0893047,-0.16009004,-0.22001338,-0.23066707,0.14762296,0.16575119,-0.1643474,-0.092779234,0.54734236,0.005732319,0.0688443,0.31187332,0.15787473,0.04069201,0.14664583,-0.08124194,0.04739263,-0.06117636,0.19071355,0.17375454,-0.232574,-0.0135299135,-0.041342124,-0.043982428,-0.25467992,0.30408984,-0.3723137,-0.22033675,-0.077025995,0.20798782,-0.12665418,-0.17465559,-0.15077755,0.08154849,0.18918453,0.08577188,-0.12261827,0.036088422,0.22765708,0.056376286,0.41233662,-0.009516754,-0.04477926,0.18686947
0.07475446,-0.1540413,0.28957894,0.12446894,0.19950399,0.1159627,-0.03300347,0.00013286789,-0.31382528,0.019670302,-0.3615741,-0.04336715,0.22544315,0.03185139,0.2150207,-0.19846988,0.02123526,0.14661299,0.22343038,0.0013403086,-0.0077184704,-0.03344729,-0.10372407,0.117373094,-0.23933241,-0.12689918,0.20101349,-0.1854095,0.031083124,-0.071232565,0.10362557,0.2714806,0.17657694,0.32155505,-0.08927279,-0.011757866,0.042458057,0.14810897,-0.16830403,-0.15765974,-0.14199099,-0.27824402,0.2330176,0.24989124,0.005732319,0.56761587,-0.028036268,0.29323798,0.08552691,-0.32720342,0.10585071,-0.21299025,-0.078920014,0.1462656,-0.030922845,0.12072666,0.1099034,-0.07509071,0.016694129,0.22326912,0.07892136,-0.18495302,-0.0112352595,-0.10622695,-0.28075442,0.02629318,0.13445044,0.002980232,-0.19159883,0.055219866,0.05716907,-0.14963019,0.22043645,-0.11064662,-0.018241437,0.1687864,0.14102146,-0.08475767,0.0841432,0.062960446
-0.32785642,-0.01312012,0.13827598,0.20892093,0.025069447,0.17647497,0.006212736,0.14563411,0.001310726,0.091731295,0.116212815,0.08672578,-0.03431672,0.12526438,0.0020617507,-0.08446712,0.11112688,-0.2086929,0.18316804,0.04914549,0.24291079,0.012750527,0.16707304,0.103956446,-0.027086109,0.08338841,-0.03392117,-0.021865975,0.018902635,-0.08628546,0.01144441,-0.08438436,-0.08968259,-0.38552868,-0.09863403,-0.006786616,-0.08390372,0.10915971,-0.10965909,0.03897448,-0.10536787,0.0658101,-0.10204203,0.078603745,0.0688443,-0.028036268,0.27193204,0.2427239,0.13466954,0.18306993,-0.1237607,-0.045966625,-0.10124424,-0.22266884,0.13177066,0.10593544,0.16835545,0.050809715,0.100901745,-0.182555,-0.027194802,0.10696185,0.08615993,0.0208983,-0.009723763,-0.16757372,-0.083153605,-0.06589726,-0.113476425,0.14223856,-0.06460369,-0.028950086,-0.28618142,-0.10959556,-0.024906652,0.20654945,0.15820836,0.19809093,-0.121402435,-0.17036001
-0.5512042,0.18631284,0.3172677,0.054866817,-0.23238249,0.46818376,-0.27892673,-0.03415743,-0.2234497,0.02970807,-0.00878541,-0.00860726,0.1816936,0.23746844,0.018419126,-0.08306533,0.099410154,0.06824974,0.27297527,0.14338575,0.22119597,0.011761733,0.026123332,0.038096976,-0.09775111,-0.047687195,-0.04801141,-0.08112117,-0.037258495,-0.2038721,-0.23362158,-0.013728838,-0.115466565,-0.5046944,-0.21766801,0.12313533,-0.08449304,0.024388595,-0.37382233,-0.29319996,-0.04587508,-0.06910658,-0.03400222,0.16180061,0.31187332,0.29323798,0.2427239,0.7161527,0.14706247,0.1741283,0.065081015,-0.26780638,-0.018144898,-0.2052796,0.07272419,0.21159841,0.124931015,-0.01713913,0.08111559,-0.12608674,-0.27951145,0.19659069,-0.03691745,0.015835874,-0.27471247,-0.14373788,-0.030223936,-0.29583386,-0.37385315,0.09760238,-0.15626113,-0.03603931,-0.14770232,-0.081960864,0.31016514,0.3596142,0.35534474,0.076931305,-0.0284899,-0.017890155
0.16717349,-0.18105006,-0.27020162,0.13994841,-0.09631517,0.30670607,0.24472438,-0.07929718,0.05915023,0.03775236,-0.06743254,-0.03167425,-0.0603341,0.15908326,0.0052850056,-0.068543956,-0.22618525,-0.17369765,0.16858976,0.19441766,0.09551266,0.18647632,0.1774801,0.100174904,-0.021471376,-0.051524106,0.23289244,0.36309454,-0.10652969,0.103141,0.18387838,0.29528922,0.24030733,-0.41328487,-0.19295938,-0.24057814,-0.13073133,0.25448084,-0.36589473,-0.008105376,-0.06408213,0.27067655,-0.26284167,0.3111224,0.15787473,0.08552691,0.13466954,0.14706247,0.5603865,0.438951,0.366682,-0.032526482,0.20039867,-0.10681042,-0.027052691,0.050736323,-0.04017599,-0.23848572,-0.1547779,0.019321518,-0.10323292,0.2410252,-0.14227222,-0.12820287,0.17684466,0.09181347,0.14331888,0.043128863,-0.14667532,0.20646769,0.25055373,-0.13605838,-0.17146221,-0.10240453,0.0693068,0.095949106,0.16976984,0.04489647,0.15281749,-0.14079002
-0.15217963,0.10978652,-0.46190014,-0.045712214,-0.87167025,0.69293094,0.16407825,-0.003794556,0.3952377,0.21646024,0.37190467,-0.03289649,0.009496336,0.27063736,0.10688704,0.23466197,-0.03011022,-0.060815427,0.05926247,0.2436989,0.7267423,0.2267009,0.22927119,-0.17527203,0.3966772,0.20639335,0.41320437,0.5258123,0.069961175,0.13176192,0.0027001868,-0.18483889,0.12757808,-0.47426957,-0.46063164,0.07796175,-0.32481384,0.23799185,-0.37921426,0.009133871,0.21297379,0.33169764,-0.39940453,0.18215752,0.04069201,-0.32720342,0.18306993,0.1741283,0.438951,1.3060051,0.5222921,0.13866107,0.4167059,-0.27994987,-0.07881633,-0.023915181,-0.051012438,-0.20715617,-0.17699006,-0.3567471,-0.2608451,0.49297476,0.17070282,0.17814729,0.36106607,-0.06671195,-0.12938298,-0.4056168,-0.25363085,0.029049972,-0.17250699,-0.03263732,-0.3442689,-0.006678964,0.4081239,0.13116553,-0.24501573,0.09250476,0.07902609,-0.13275221
0.44747642,-0.107619986,-0.40361798,-0.12189527,-0.8187077,0.17005883,0.18948892,-0.11816615,0.25441998,0.21727812,-0.016391926,0.032207996,0.113296986,0.093823045,0.11745677,0.41482604,-0.40436777,0.11681508,0.28329653,0.053501084,0.16251314,0.030796485,-0.035830606,-0.08051091,0.133138,-0.03721461,0.36857876,0.28516674,-0.14694932,0.06376947,0.17943002,0.14744882,0.22268495,-0.07450513,-0.20517232,-0.043356083,-0.16994134,0.28125924,-0.4076964,-0.18266796,0.086411305,-0.069598295,-0.1612764,0.08820379,0.14664583,0.10585071,-0.1237607,0.065081015,0.366682,0.5222921,0.86096734,0.04823014,0.49650288,0.16697356,-0.18577975,-0.02047617,-0.33208007,-0.18301329,-0.24766834,-0.013300852,-0.059233543,0.22241092,-0.15635657,-0.026161253,0.14833495,0.2678522,0.23664166,-0.16176672,0.053568125,0.016590353,0.19132844,-0.1172243,0.28842723,-0.026812958,0.25118032,-0.12688428,-0.3826099,-0.21399723,0.28018415,-0.03715384
0.14088026,-0.05870818,-0.11867551,0.06948344,-0.09284678,-0.03153808,0.112620436,0.06533929,0.16815162,0.09224155,0.0745409,0.17829095,-0.023397705,-0.047327552,0.17369229,-0.0067824596,0.050564133,-0.030106518,-0.024488308,-0.16278547,0.13282184,-0.041503888,-0.013442722,-0.030505376,0.15715499,0.046601214,0.07349921,0.03655218,-0.044633117,0.13562167,0.1945523,-0.17350857,0.07171215,0.23632428,0.054078482,-0.014889978,-0.088791355,0.08717912,0.08285897,0.11236073,0.02813269,0.106029354,-0.046564054,-0.0660405,-0.08124194,-0.21299025,-0.045966625,-0.26780638,-0.032526482,0.13866107,0.04823014,0.24596055,0.019564793,-0.06714205,0.09314275,-0.072634175,-0.031281773,0.054402463,0.026917819,0.0559907,0.05030773,0.05746301,-0.0060247085,0.06485832,0.248522,0.121227115,-0.009803561,0.032732498,0.10814105,0.035243936,0.09849363,0.038262103,0.001490088,0.024398098,0.057738937,-0.23643064,-0.20807391,-0.011415631,-0.15915127,-0.017529069
0.21245702,0.0019465393,-0.3768801,-0.124944255,-0.5970874,0.09562761,0.14300133,-0.21930529,0.29677626,0.06714028,0.18621166,-0.06432658,-0.0571868,0.11758785,-0.046075147,0.39443493,-0.26496682,0.24518412,0.069398426,0.06728908,0.003887904,0.11249473,0.03927647,-0.006198892,0.08319669,-0.03498805,0.20592119,0.02432413,-0.116900586,0.091209084,-0.09392539,0.09301843,-0.05610353,-0.084736824,-0.19128874,-0.109257005,-0.17028415,0.25253958,-0.24736601,-0.089903325,0.0843234,-0.022551345,-0.25278378,-9.179133e-05,0.04739263,-0.078920014,-0.10124424,-0.018144898,0.20039867,0.4167059,0.49650288,0.019564793,0.47054172,0.107289575,-0.3252206,-0.1267155,-0.10445322,-0.16132158,-0.22803858,-0.076683596,-0.21873665,0.016016686,-0.06611647,-0.10987586,0.0978322,0.11886965,0.19617397,-0.052247696,0.11568572,-0.11864765,0.014109691,0.04240871,0.19801389,0.10681043,0.1805802,-0.14055647,-0.14078562,-0.18457815,0.21636753,-0.0897649
0.5232243,-0.100140244,-0.1799734,-0.25845534,-0.1387211,-0.20369133,0.122582905,0.25254512,0.16145875,0.22943692,-0.09750442,-0.07423376,0.024679037,-0.16988301,-0.18903798,0.07329429,-0.19856775,0.14428039,-0.10844671,0.08337247,-0.08963032,0.059327304,-0.1367839,0.0033144138,-0.26981422,-0.21030116,-0.14192837,-0.07152962,0.09250304,-0.045298595,-0.0033811915,0.20446892,0.089448884,0.562826,0.19314907,-0.092329666,0.2642434,0.23148522,0.13039625,0.033317227,0.27437147,-0.46098766,0.09435411,-0.39052716,-0.06117636,0.1462656,-0.22266884,-0.2052796,-0.10681042,-0.27994987,0.16697356,-0.06714205,0.107289575,0.64124346,-0.21570247,-0.07850321,-0.3578635,-0.092679545,-0.09240837,-0.13598089,0.11400914,-0.25340748,-0.06341322,-0.20127764,-0.18623297,0.23643051,-0.018600734,0.058308598,0.16566177,-0.25090516,-0.06546923,0.0963583,0.06585364,0.046534773,-0.14281593,-0.05488264,-0.2850454,-0.15317906,0.18891303,0.11825863
-0.1568185,0.056022514,0.27596343,0.09274811,0.3051515,0.08416716,-0.09538475,0.21684404,-0.14809437,0.15206034,-0.09164112,0.23234619,0.12640046,0.0055479845,0.16721965,-0.20666762,0.22484492,-0.3751171,0.06332691,-0.073789425,0.11030342,-0.22590424,0.032588452,-0.0662543,0.16911972,0.09170901,-0.2494633,0.20416747,-0.042259473,-0.030957833,0.11585391,-0.21020672,0.16104607,-0.12554735,0.18318452,0.1075507,0.08809933,-0.24280085,0.072615474,0.0102671785,-0.00860709,0.18328565,0.10872895,0.013280382,0.19071355,-0.030922845,0.13177066,0.07272419,-0.027052691,-0.07881633,-0.18577975,0.09314275,-0.3252206,-0.21570247,0.4594644,0.19825163,-0.04527072,0.16075034,0.16250297,0.044561468,0.15426412,0.24999192,-0.074041985,0.065799005,0.055722784,0.040310215,-0.25960693,-0.11776379,-0.14788043,0.20944528,0.15155412,-0.048820604,-0.19974272,-0.11270591,-0.010228287,0.070711076,0.11803644,0.16742913,-0.26568866,0.1437652
-0.13298221,0.049556375,0.22375704,0.032312017,0.1444354,0.12291014,-0.06204446,0.10236975,-0.11603732,0.15755332,-0.052357998,0.074292906,0.1272206,0.094238,0.08673113,-0.0019249417,0.11806795,-0.20546657,0.13126619,0.043121766,0.058087118,-0.16084833,0.074858256,-0.013106147,0.0861613,0.071933374,-0.1378253,0.0859702,-0.018212557,-0.07499025,-0.048254807,-0.04435599,0.07723857,-0.16682573,0.02828458,0.06479152,0.06343347,-0.11735349,-0.060335997,-0.07097674,-0.01974751,0.016373374,0.06500693,0.079360835,0.17375454,0.12072666,0.10593544,0.21159841,0.050736323,-0.023915181,-0.02047617,-0.072634175,-0.1267155,-0.07850321,0.19825163,0.17364782,0.010693326,0.056149095,0.03971618,-0.02644498,0.07430916,0.09795244,-0.012724966,-0.05495492,-0.10436656,-0.02648712,-0.1637819,-0.14878637,-0.14591283,0.09594145,0.045662362,-0.06329554,-0.055774745,-0.08349998,-0.041877702,0.17975652,0.16283679,0.08216734,-0.057084657,0.094475165
-0.4252463,-0.0818596,0.38461488,0.42836022,0.41901684,0.1240184,0.04822636,-0.1259302,-0.12132492,-0.03715494,0.111929536,0.05324272,0.006389168,0.21325053,0.36856255,-0.060974497,0.40572652,0.11160261,0.17445908,-0.1610545,0.12407836,-0.08764786,0.19330077,0.23432279,0.06825797,0.19071138,0.26492956,-0.51967907,0.039324593,0.06846702,-0.06547484,-0.09842678,-0.18981707,0.17461216,-0.25793317,-0.031753853,-0.24341737,0.17291524,-0.009367704,0.077668294,-0.35880202,0.02365024,0.026030732,0.3921341,-0.232574,0.1099034,0.16835545,0.124931015,-0.04017599,-0.051012438,-0.33208007,-0.031281773,-0.10445322,-0.3578635,-0.04527072,0.010693326,0.70536315,0.08180934,0.08836182,0.14867586,-0.015600468,-0.34909835,0.31931794,-0.08503947,-0.072004035,-0.31627354,0.036049843,0.055074785,-0.08483625,0.05614751,-0.113803364,-0.03897268,0.13225234,-0.010674799,-0.13824962,0.09980111,0.35127425,0.07438717,-0.20457524,-0.1773223
-0.17754102,0.048559416,0.24901019,0.07426713,0.06889663,-0.2009188,-0.094348766,0.11238818,-0.011586185,0.09033047,0.08623096,0.16474444,0.03537292,-0.025221761,0.0811213,0.12231293,0.14843005,-0.10614441,0.1134181,-0.17556937,0.01440241,-0.23047242,-0.00024305996,-0.0022726196,0.094367795,0.13228644,-0.1495292,-0.20220792,-0.009169055,-0.09666727,-0.011002127,-0.25160873,-0.15365842,0.0022762322,0.10648726,0.13537416,0.007582456,-0.12767267,0.14661387,0.016179865,-0.09363225,-0.098825924,0.11691904,-0.11027201,-0.0135299135,-0.07509071,0.050809715,-0.01713913,-0.23848572,-0.20715617,-0.18301329,0.054402463,-0.16132158,-0.092679545,0.16075034,0.056149095,0.08180934,0.22826129,0.13646346,-0.044859264,0.14882496,-0.0580912,0.08493196,0.07694668,-0.053250223,-0.09207292,-0.09440381,-0.045752224,0.11907621,0.02368065,-0.041818928,0.013400832,0.082701534,-0.030458385,-0.116318874,-0.023915233,-0.07900525,0.06066831,-0.17052497,-0.0144055635
-0.2300675,-0.00084062567,0.22688313,0.14178547,0.081557654,-0.016515214,-0.12028501,0.16698503,-0.099684626,-0.015694061,-0.028396394,0.1298112,0.02903987,-0.06488164,0.05874102,-0.23794307,0.15141046,-0.017487952,0.06152002,-0.12516667,0.14789832,-0.025369737,-0.07474889,0.04715712,-0.12111368,-0.022808688,-0.06751377,-0.18772385,0.044969503,-0.088451214,0.09672455,-0.15438683,-0.08716947,0.06991322,0.060937192,0.085572176,-0.0054066894,0.02741876,0.0804184,0.026063558,-0.06505883,-0.090003066,0.10077398,-0.08833437,-0.041342124,0.016694129,0.100901745,0.08111559,-0.1547779,-0.17699006,-0.24766834,0.026917819,-0.22803858,-0.09240837,0.16250297,0.03971618,0.08836182,0.13646346,0.20295642,-0.021145143,0.03198386,-0.0024297307,0.043118242,0.13670273,-0.044006024,-0.06776178,-0.031896275,0.010963987,-0.033483338,0.06827759,-0.081515715,0.025827905,-0.13639681,-0.060456213,0.036951307,0.019683,-0.019106291,0.09963266,-0.21316127,-0.06076667
0.17922324,-0.11291123,0.10496916,0.12203003,0.4529686,-0.08247141,-0.016699865,-0.34823272,-0.3093899,-0.30330202,-0.34417468,-0.004613676,0.07178862,-0.051479734,0.27771544,-0.23895493,0.018452607,0.15805428,-0.048991375,-0.17961863,-0.35180408,-0.05449313,-0.1430985,0.030894874,0.025925556,-0.085910454,0.214764,-0.038094655,-0.1394727,0.18141039,0.17914905,0.18064784,0.20527448,0.32887024,0.030281553,-0.07975688,-0.054781176,-0.14941292,-0.0041593406,-0.069706164,-0.21481192,0.20464416,0.15401068,0.35009605,-0.043982428,0.22326912,-0.182555,-0.12608674,0.019321518,-0.3567471,-0.013300852,0.0559907,-0.076683596,-0.13598089,0.044561468,-0.02644498,0.14867586,-0.044859264,-0.021145143,0.5720585,0.021936491,-0.0884919,-0.1600543,-0.021984924,0.082912266,0.13412003,0.245297,0.22159399,-0.03899735,0.12274225,0.3252237,-0.108952135,0.37018713,0.028562937,0.048531614,-0.22207819,0.20683075,-0.15789405,-0.023661958,0.1252003
0.29277268,-0.23653933,0.12779303,0.09986272,0.33983597,-0.40063012,0.17707257,0.2569685,-0.048274875,0.15183678,-0.15442945,0.040940423,0.058325402,-0.15125214,0.13978413,0.14635642,0.016358795,-0.37949818,0.12417625,-0.09670509,0.027238095,-0.25114506,0.049126912,-0.03329165,0.10907158,0.25095466,0.1259655,0.10847567,0.17038196,-0.061806235,0.31213918,-0.009605891,0.196535,0.22583045,0.105753556,0.11087571,0.1354882,-0.1555112,0.2599572,0.18417652,-0.15600365,-0.14107768,0.29747656,0.07084945,-0.25467992,0.07892136,-0.027194802,-0.27951145,-0.10323292,-0.2608451,-0.059233543,0.05030773,-0.21873665,0.11400914,0.15426412,0.07430916,-0.015600468,0.14882496,0.03198386,0.021936491,0.5986562,-0.14350726,0.24150401,0.094345495,-0.00074195483,-0.11050457,-0.10931636,0.059614126,0.1847584,0.07223355,0.08486642,-0.21943301,0.17988388,-0.17830245,-0.5198885,0.071418546,-0.375206,0.091463864,0.0616106,0.0020923556
-0.12796424,0.17382148,-0.21549594,-0.16055752,-0.36412472,0.28160086,-0.14946254,-0.041533597,-0.031893265,-0.11133871,-0.024427667,-0.0017267149,0.017901467,0.0050568017,-0.1514037,-0.09858263,-0.17442364,-0.2470435,-0.043836646,0.16379124,0.15010801,0.1027531,-0.032781415,-0.23185301,0.16016184,-0.00523961,-0.06121539,0.6455025,-0.07228327,-0.029738879,0.074953265,-0.07317577,0.16892156,-0.7137808,-0.017344085,0.12316515,-0.026883423,-0.28434345,-0.2056919,-0.11915573,0.14704283,0.40130287,-0.14511429,0.02860594,0.30408984,-0.18495302,0.10696185,0.19659069,0.2410252,0.49297476,0.22241092,0.05746301,0.016016686,-0.25340748,0.24999192,0.09795244,-0.34909835,-0.0580912,-0.0024297307,-0.0884919,-0.14350726,0.6445282,-0.21883908,0.2738208,0.23023501,0.07519241,-0.06813203,-0.195773,-0.21096008,0.19290863,0.1105186,-0.06556227,-0.32624766,-0.06553343,0.35044247,0.06413886,-0.053689715,0.10925827,0.026853599,0.058904473
-0.18209924,-0.05950776,0.14739205,0.1405703,0.022806276,0.00058539765,0.07825678,0.14973848,0.046676263,0.10073888,0.14102016,-0.06263821,0.042706646,0.03538189,0.18391128,0.14369492,0.24331099,-0.032937326,0.06735303,-0.029289076,0.36496222,-0.06053247,0.11980039,-0.0026929672,0.12630291,0.28979534,0.3027488,-0.16986339,0.27820304,-0.04427018,0.021608427,-0.16880111,-0.07098103,0.21325749,-0.21957274,0.17957707,-0.08205997,0.05573253,0.14014941,0.15426697,-0.10748835,-0.16625717,0.13730146,0.12898834,-0.3723137,-0.0112352595,0.08615993,-0.03691745,-0.14227222,0.17070282,-0.15635657,-0.0060247085,-0.06611647,-0.06341322,-0.074041985,-0.012724966,0.31931794,0.08493196,0.043118242,-0.1600543,0.24150401,-0.21883908,0.47891122,0.14611804,-0.053172484,-0.33919454,-0.13907142,-0.11505511,0.00086363,-0.080074444,-0.3107682,-0.0870233,0.03801025,-0.06530741,-0.24143016,0.1894959,-0.24604718,0.108937435,-0.0076110074,-0.116060354
-0.1944676,0.035870943,-0.07121263,-0.021505801,-0.3388503,-0.07952185,-0.19821626,-0.035414226,-0.13202786,-0.3642867,-0.08034895,-0.099550985,-0.0035440372,-0.20679289,-0.06339754,-0.12615255,-0.10796235,0.015860219,-0.041248426,-0.05886152,0.2374452,0.13629006,-0.20930502,-0.19783035,-0.009795983,0.082775384,0.3188231,0.21105549,0.17592174,-0.11383732,0.25395146,-0.14899541,-0.016114505,-0.24341373,-0.12365334,0.30732492,-0.10267488,-0.24434564,0.04804295,-0.0029925907,-0.07059841,0.07071585,0.1440309,0.03923727,-0.22033675,-0.10622695,0.0208983,0.015835874,-0.12820287,0.17814729,-0.026161253,0.06485832,-0.10987586,-0.20127764,0.065799005,-0.05495492,-0.08503947,0.07694668,0.13670273,-0.021984924,0.094345495,0.2738208,0.14611804,0.58564955,0.14683464,-0.20131624,0.12003242,-0.040387884,-0.015411061,0.08098399,-0.16474675,-0.13158017,-0.057824556,-0.09284097,0.1647878,0.005064213,-0.47531724,0.08392779,0.035032026,-0.12511653
0.1776654,-0.101315714,-0.32788965,0.07750388,-0.14136975,0.017562835,0.17082536,-0.07287309,0.16253495,-0.08930731,0.047627777,0.070234045,-0.12418528,-0.046234384,0.06656519,-0.049470138,-0.1148379,-0.10502923,-0.063942574,-0.0609834,0.1004526,0.11090413,0.027883898,-0.052147876,0.16302505,0.046423312,0.21926254,0.2992924,-0.060026836,0.18246676,0.2815911,-0.044985916,0.14265345,-0.094172604,-0.04087356,-0.07552494,-0.15668996,0.04541779,-0.022163328,0.13143149,-0.015533063,0.3403622,-0.16384509,0.086883724,-0.077025995,-0.28075442,-0.009723763,-0.27471247,0.17684466,0.36106607,0.14833495,0.248522,0.0978322,-0.18623297,0.055722784,-0.10436656,-0.072004035,-0.053250223,-0.044006024,0.082912266,-0.00074195483,0.23023501,-0.053172484,0.14683464,0.3980697,0.09462554,0.09970008,0.10287574,0.077220716,0.12556979,0.1837918,-0.037342586,-0.08781542,-0.0023520917,0.09715146,-0.22348645,-0.19664012,0.022707801,-0.038630433,-0.10456433
0.40883774,-0.03952656,-0.18201464,-0.117731065,-0.11621926,0.057377767,0.084338315,0.042308412,0.11397007,0.1726959,-0.1143237,0.15297854,0.053261083,-0.043141194,0.0518385,-0.0929697,-0.12753084,0.0897307,-0.051471535,-0.042952962,-0.1109053,0.004970102,-0.11808844,-0.0051610665,-0.041488815,-0.2409448,-0.15518123,0.09843427,-0.18676871,0.13317354,0.09591777,0.09046106,0.204969,0.33648637,0.19935124,-0.1699123,0.0764537,0.17217846,-0.06457302,-0.057819974,0.20467189,-0.0092406,-0.07556396,-0.1884882,0.20798782,0.02629318,-0.16757372,-0.14373788,0.09181347,-0.06671195,0.2678522,0.121227115,0.11886965,0.23643051,0.040310215,-0.02648712,-0.31627354,-0.09207292,-0.06776178,0.13412003,-0.11050457,0.07519241,-0.33919454,-0.20131624,0.09462554,0.42570594,0.044344228,0.04656861,0.03050889,-0.012085004,0.2592492,0.10339336,0.030101437,0.07159929,0.19611312,-0.25857854,-0.0025894875,-0.16061856,-0.045624856,0.16542123
0.1729925,-0.22507335,-0.21145153,0.15521222,-0.23552673,-0.21766791,0.0531047,-0.32367173,-0.054406594,-0.3917122,-0.15756781,-0.06987095,-0.14244494,-0.10419815,-0.061503883,-0.05080286,-0.38104132,0.30346373,0.14903955,-0.12698013,-0.21340652,0.22625351,-0.16748552,0.1458738,-0.2962628,-0.18803571,0.39786243,-0.17853768,-0.12541926,0.023984745,0.2727802,0.27351943,-0.083193965,-0.07329627,-0.13865694,-0.14913654,-0.2143274,0.23360135,-0.19476189,-0.06707196,-0.26565665,-0.028348928,-0.06416459,0.15707141,-0.12665418,0.13445044,-0.083153605,-0.030223936,0.14331888,-0.12938298,0.23664166,-0.009803561,0.19617397,-0.018600734,-0.25960693,-0.1637819,0.036049843,-0.09440381,-0.031896275,0.245297,-0.10931636,-0.06813203,-0.13907142,0.12003242,0.09970008,0.044344228,0.56656826,0.32322508,0.18955994,0.08786729,0.1626264,-0.08785038,0.27713135,-0.013780123,0.11339709,-0.23475923,-0.13376549,-0.15118538,0.16162322,-0.28929386
0.259904,-0.25796494,-0.14601216,0.16368262,0.3635626,-0.3834127,0.15042806,-0.12388914,-0.054982778,-0.31800082,-0.15720138,-0.054869074,-0.24504654,-0.17842948,-0.15794094,-0.22498888,-0.21736942,0.035195164,-0.07648979,-0.09266376,-0.36933354,0.17007941,-0.055250447,0.18715426,-0.30432156,-0.16097519,0.078410886,-0.13092783,-0.060371153,0.07468136,0.2408538,0.2760183,-0.029842166,0.08296554,0.1112113,-0.25650865,0.001587475,0.11584674,0.109677784,0.14997785,-0.20377685,0.06076105,-0.023438962,0.030875323,-0.17465559,0.002980232,-0.06589726,-0.29583386,0.043128863,-0.4056168,-0.16176672,0.032732498,-0.052247696,0.058308598,-0.11776379,-0.14878637,0.055074785,-0.045752224,0.010963987,0.22159399,0.059614126,-0.195773,-0.11505511,-0.040387884,0.10287574,0.04656861,0.32322508,0.46522933,0.238083,0.0712807,0.20699063,-0.018146334,0.055233143,-0.0032938274,-0.20667392,-0.20738578,0.04548712,-0.02810518,0.052531164,-0.1909433
0.29408035,-0.14235751,-0.17488688,0.0040664943,-0.1073099,-0.56390953,0.1521893,-0.013862147,0.23178145,-0.007486589,0.1257446,0.06448747,-0.19240302,-0.14641838,-0.14741722,0.35739395,-0.24080198,-0.009058773,0.06146265,-0.17469145,-0.2635583,-0.08202569,-0.013347902,0.06844822,-0.03670352,0.040820763,-0.026508914,-0.20229134,-0.07273351,-0.016966896,0.10542628,-0.013358651,-0.1948247,0.053469565,0.14110763,-0.08353266,-0.008795092,0.06315541,0.17284691,0.118608125,-0.106838085,-0.1554238,-0.023554387,-0.22373545,-0.15077755,-0.19159883,-0.113476425,-0.37385315,-0.14667532,-0.25363085,0.053568125,0.10814105,0.11568572,0.16566177,-0.14788043,-0.14591283,-0.08483625,0.11907621,-0.033483338,-0.03899735,0.1847584,-0.21096008,0.00086363,-0.015411061,0.077220716,0.03050889,0.18955994,0.238083,0.47309574,-0.06794658,0.08638821,0.02909844,0.26669002,0.0325456,-0.2792188,-0.26738247,-0.32404485,-0.078669325,0.07553995,-0.17719358
-0.059252813,-0.12314587,0.06870661,0.22500934,0.15106753,0.041548263,0.03663208,-0.007542299,-0.12854378,-0.06597017,-0.12815891,0.10842953,-0.0055899397,0.024339281,0.101972416,-0.17121498,-0.034108374,-0.23256233,0.1830167,-0.046329826,0.037772026,-0.020238888,0.049940705,0.06285977,0.0036257955,0.029610164,0.097484946,0.15322803,-0.082515,0.002580607,0.24992189,0.04171097,0.11871455,-0.30553922,-0.025390796,-0.042718608,-0.08761495,-0.01654569,-0.12497634,0.0044435747,-0.19773975,0.21222992,-0.018324247,0.22541706,0.08154849,0.055219866,0.14223856,0.09760238,0.20646769,0.029049972,0.016590353,0.035243936,-0.11864765,-0.25090516,0.20944528,0.09594145,0.05614751,0.02368065,0.06827759,0.12274225,0.07223355,0.19290863,-0.080074444,0.08098399,0.12556979,-0.012085004,0.08786729,0.0712807,-0.06794658,0.2640365,0.21922365,-0.14057419,-0.08202315,-0.13852063,-0.006344376,0.030794755,0.09373531,0.1091042,-0.0745462,-0.10600601
0.3586435,-0.17369929,-0.089012034,0.10222618,0.28906587,-0.13854468,0.15991463,-0.1478587,-0.060634088,-0.022748096,-0.21033183,0.13103208,-0.030096851,-0.004143652,0.09862858,-0.03625423,-0.1815351,-0.20148692,0.09633238,-0.0806829,-0.33830056,-0.10240627,0.026744673,0.065338686,0.06632849,-0.065835424,-0.024003988,0.21740982,-0.2570053,0.14194475,0.23764943,0.1976102,0.24231902,-0.09260542,0.15044352,-0.21766108,0.00042787075,-0.048460726,-0.092250705,-0.013896476,-0.13799581,0.2690011,-0.053554766,0.18114677,0.18918453,0.05716907,-0.06460369,-0.15626113,0.25055373,-0.17250699,0.19132844,0.09849363,0.014109691,-0.06546923,0.15155412,0.045662362,-0.113803364,-0.041818928,-0.081515715,0.3252237,0.08486642,0.1105186,-0.3107682,-0.16474675,0.1837918,0.2592492,0.1626264,0.20699063,0.08638821,0.21922365,0.4969177,-0.103462495,0.16271971,-0.044066638,-0.07341995,-0.20108521,0.16478463,-0.064312555,0.011717586,0.04299095
-0.07466842,0.13821341,-0.025305193,-0.10157522,-0.086835206,0.056682855,-0.059284568,0.052344758,0.1429517,0.0886211,0.17071761,0.06389872,-0.049278326,0.017258039,-0.09696344,-0.026804736,0.08869193,0.16052209,-0.14343731,-0.011462805,-0.02622444,0.038147748,-0.021001847,0.022671102,-0.05102122,-0.119146265,-0.27663714,-0.18740901,-0.054934166,0.02617961,-0.21327014,-0.11340863,-0.16257468,0.14993496,0.11175298,-0.060168054,0.040551137,0.104336895,0.06675521,0.0014008076,0.18231411,-0.06618263,-0.1120226,-0.28299958,0.08577188,-0.14963019,-0.028950086,-0.03603931,-0.13605838,-0.03263732,-0.1172243,0.038262103,0.04240871,0.0963583,-0.048820604,-0.06329554,-0.03897268,0.013400832,0.025827905,-0.108952135,-0.21943301,-0.06556227,-0.0870233,-0.13158017,-0.037342586,0.10339336,-0.08785038,-0.018146334,0.02909844,-0.14057419,-0.103462495,0.22073723,-0.12542714,0.1357227,0.13798913,-0.10240842,0.116373494,-0.03987866,-0.12969035,0.055316262
0.26509458,-0.0726323,0.11283482,-0.012343911,-0.025771353,-0.37924573,0.012417009,-0.3793802,-0.076053455,-0.06735948,-0.107198104,-0.005480818,0.130056,0.004111091,0.28866056,0.50588065,-0.092638165,0.2755079,0.19028829,-0.2607815,-0.37409434,-0.3053401,-0.10817135,-0.012379135,0.20028396,0.12061208,0.28420758,-0.3119343,-0.13208576,0.04873046,-0.0063757696,0.04718558,-0.0371916,0.36779422,-0.05572122,0.071672745,-0.10123914,-0.13199177,0.0013786745,-0.15736385,-0.24866049,-0.18857151,0.21279962,0.2167185,-0.12261827,0.22043645,-0.28618142,-0.14770232,-0.17146221,-0.3442689,0.28842723,0.001490088,0.19801389,0.06585364,-0.19974272,-0.055774745,0.13225234,0.082701534,-0.13639681,0.37018713,0.17988388,-0.32624766,0.03801025,-0.057824556,-0.08781542,0.030101437,0.27713135,0.055233143,0.26669002,-0.08202315,0.16271971,-0.12542714,0.8491359,0.065854155,-0.13690288,-0.24086027,-0.16605727,-0.30130625,0.16665764,0.06950212
-0.00086700794,0.13379446,-0.076041415,-0.14355619,-0.043657422,0.011756691,-0.053037614,-0.14062437,0.07146847,-0.044801936,0.10312966,-0.042484634,-0.034238502,0.0199965,-0.05682873,0.07317434,0.02933368,0.19288315,-0.17661597,0.00030745583,-0.15023914,0.021383712,-0.030416215,-0.037070055,0.05473688,-0.05780284,-0.1206699,-0.08455525,-0.058529314,0.07440914,-0.21256226,-0.03671216,-0.09681795,0.11788202,0.04090799,-0.03131038,0.009897877,-0.043362994,0.047722183,-0.03408921,0.11775188,0.032406926,-0.070847616,-0.10650054,0.036088422,-0.11064662,-0.10959556,-0.081960864,-0.10240453,-0.006678964,-0.026812958,0.024398098,0.10681043,0.046534773,-0.11270591,-0.08349998,-0.010674799,-0.030458385,-0.060456213,0.028562937,-0.17830245,-0.06553343,-0.06530741,-0.09284097,-0.0023520917,0.07159929,-0.013780123,-0.0032938274,0.0325456,-0.13852063,-0.044066638,0.1357227,0.065854155,0.15022472,0.111185595,-0.12189824,0.10101928,-0.10296511,-0.005612613,0.09649384
-0.23893058,0.23477338,-0.120198324,-0.12229,-0.6322647,0.51962125,-0.25736415,-0.1731891,-0.008104853,-0.12112115,0.015616905,0.051559627,0.11777997,0.068531655,0.066746555,-0.24391446,-0.011830529,0.41143233,-0.058942866,0.002321576,0.24986067,0.21987179,-0.222881,-0.114810735,-0.027019722,-0.24386206,0.074840166,0.055031136,-0.12404546,0.055432003,-0.073210485,-0.1177328,-0.007739544,-0.046128057,-0.13963279,0.07879528,-0.18284586,0.12126786,-0.30593312,-0.2530754,0.20987767,0.10930712,-0.16004565,-0.055941485,0.22765708,-0.018241437,-0.024906652,0.31016514,0.0693068,0.4081239,0.25118032,0.057738937,0.1805802,-0.14281593,-0.010228287,-0.041877702,-0.13824962,-0.116318874,0.036951307,0.048531614,-0.5198885,0.35044247,-0.24143016,0.1647878,0.09715146,0.19611312,0.11339709,-0.20667392,-0.2792188,-0.006344376,-0.07341995,0.13798913,-0.13690288,0.111185595,0.7416384,-0.1299308,0.042797834,-0.117994286,-0.12086315,0.07038285
-0.30355203,0.07322503,0.2111493,0.00080095144,0.14828488,0.23576154,-0.076435246,0.14907846,-0.1567438,0.083492294,-0.010447685,-0.14675385,0.08825468,0.12188032,-0.07760292,-0.03605193,0.13192423,-0.22382449,0.06881799,0.24697125,0.1966559,-0.0051895306,0.15325229,-0.017071865,-0.015431336,0.12411542,-0.04794202,0.14170118,0.17994753,-0.1658514,-0.1614922,0.04447926,0.025125526,-0.3509724,-0.13085034,0.116093025,0.09536857,-0.11800292,-0.070765726,-0.030075291,0.00022578478,-0.037430193,0.064175665,0.14568344,0.056376286,0.1687864,0.20654945,0.3596142,0.095949106,0.13116553,-0.12688428,-0.23643064,-0.14055647,-0.05488264,0.070711076,0.17975652,0.09980111,-0.023915233,0.019683,-0.22207819,0.071418546,0.06413886,0.1894959,0.005064213,-0.22348645,-0.25857854,-0.23475923,-0.20738578,-0.26738247,0.030794755,-0.20108521,-0.10240842,-0.24086027,-0.12189824,-0.1299308,0.45496067,0.18363827,0.1839522,0.08641912,0.022346158
-0.41351935,0.18955527,0.3455022,0.103593774,0.7779706,0.33374602,-0.12833878,-0.26698995,-0.28297263,-0.077684715,-0.010256233,-0.020804057,-0.020357965,0.30941346,-0.01763759,-0.27203116,0.29636437,-0.043534838,-0.09150295,0.14765416,-0.422066,-0.05155468,0.22733437,0.19378191,-0.007626314,-0.112494044,-0.45933485,-0.13588962,-0.23780188,0.083407365,-0.4716389,0.15716708,-0.084540606,-0.34120315,0.06195473,-0.25592598,0.060019597,-0.1464727,-0.13759361,-0.12693492,-0.079473265,0.35262135,-0.16723734,0.26092154,0.41233662,0.14102146,0.15820836,0.35534474,0.16976984,-0.24501573,-0.3826099,-0.20807391,-0.14078562,-0.2850454,0.11803644,0.16283679,0.35127425,-0.07900525,-0.019106291,0.20683075,-0.375206,-0.053689715,-0.24604718,-0.47531724,-0.19664012,-0.0025894875,-0.13376549,0.04548712,-0.32404485,0.09373531,0.16478463,0.116373494,-0.16605727,0.10101928,0.042797834,0.18363827,1.100532,0.05439568,-0.15611768,0.17235173
-0.21432339,-0.0097096125,0.0929792,0.11712577,0.16178101,0.054543708,0.004601441,0.18380126,-0.028057113,0.03344917,0.05405978,0.02763001,-0.04862261,0.01592574,-0.055430926,-0.12943533,0.10527347,-0.27738455,0.03027601,0.063015684,0.17444877,0.008968049,0.12224068,0.021304268,-0.0012756089,0.10304595,-0.07351596,0.108856164,0.091469906,-0.07173422,0.049613114,-0.080635995,-0.012411412,-0.28331763,-0.003776298,0.03625384,0.020397387,-0.048890863,0.046028595,0.105949625,-0.045847654,0.09838897,-0.015041988,0.023331858,-0.009516754,-0.08475767,0.19809093,0.076931305,0.04489647,0.09250476,-0.21399723,-0.011415631,-0.18457815,-0.15317906,0.16742913,0.08216734,0.07438717,0.06066831,0.09963266,-0.15789405,0.091463864,0.10925827,0.108937435,0.08392779,0.022707801,-0.16061856,-0.15118538,-0.02810518,-0.078669325,0.1091042,-0.064312555,-0.03987866,-0.30130625,-0.10296511,-0.117994286,0.1839522,0.05439568,0.20805615,-0.08982029,-0.087244414
0.27092505,-0.03960278,-0.30006918,-0.2276753,-0.16257325,-0.15792441,0.056391682,-0.21061622,-0.014437724,-0.20619413,-0.09779008,-0.32476935,-0.07281925,-0.06222307,-0.2856482,0.24725759,-0.3760254,0.01565881,-0.07066753,0.21988906,-0.23826145,0.13850254,-0.017676607,-0.09247728,-0.054639783,-0.00490943,0.17502138,0.29437363,0.05954128,-0.04482292,-0.037296277,0.31655672,0.07013041,-0.28718457,-0.09899829,-0.012905186,0.06712582,-0.14735538,-0.0806565,-0.05677176,0.015295409,-0.0021625564,-0.008027343,0.10066021,-0.04477926,0.0841432,-0.121402435,-0.0284899,0.15281749,0.07902609,0.28018415,-0.15915127,0.21636753,0.18891303,-0.26568866,-0.057084657,-0.20457524,-0.17052497,-0.21316127,-0.023661958,0.0616106,0.026853599,-0.0076110074,0.035032026,-0.038630433,-0.045624856,0.16162322,0.052531164,0.07553995,-0.0745462,0.011717586,-0.12969035,0.16665764,-0.005612613,-0.12086315,0.08641912,-0.15611768,-0.08982029,0.43401235,-0.0130454665
0.08709222,0.22139417,0.1192951,-0.29504308,0.2412157,0.12256666,-0.14776728,-0.017083433,-0.13440794,0.10402465,-0.12139849,-0.036772702,0.19817886,0.007987656,0.07069467,-0.018093374,0.1719005,-0.013001884,-0.24655361,0.07445822,-0.1640338,-0.1762918,-0.06913757,-0.20047966,0.21392986,-0.014327305,-0.29099402,0.21233803,-0.0110258525,0.056842927,-0.2364757,-0.04329518,0.20271438,0.2603533,0.18537347,0.10522885,0.23059204,-0.361478,0.118681245,-0.10932445,0.25005063,0.06465672,0.15023166,-0.057094853,0.18686947,0.062960446,-0.17036001,-0.017890155,-0.14079002,-0.13275221,-0.03715384,-0.017529069,-0.0897649,0.11825863,0.1437652,0.094475165,-0.1773223,-0.0144055635,-0.06076667,0.1252003,0.0020923556,0.058904473,-0.116060354,-0.12511653,-0.10456433,0.16542123,-0.28929386,-0.1909433,-0.17719358,-0.10600601,0.04299095,0.055316262,0.06950212,0.09649384,0.07038285,0.022346158,0.17235173,-0.087244414,-0.0130454665,0.43455333
