5.0,0.5,1.5,2.5,1.0,0.5,2.5,0.5,0.0,0.0,1.5,1.5,0.0,0.0,1.0,5.0,1.5,0.0,0.0,0.0,4.0,0.0,0.5,2.0,3.0,3.5,5.5,8.5,0.0,0.0,0.0,1.0,0.0,9.5,7.0,1.5,0.0,1.5,2.5,3.0,1.0,0.0,3.5,1.0,0.0,1.5,1.5,0.5,0.5,0.0,1.0,0.0,0.0,0.0,0.0,1.0,0.0,0.0,1.0,0.0,0.0,0.5,0.5,5.5,1.5,5.0,8.5,1.5,2.0,0.0,0.0,0.0,1.0,1.0,0.0,0.0,3.0,1.0,0.5,0.5
18.0,12.0,18.5,14.0,20.0,9.0,5.0,24.5,1.5,9.5,8.0,10.5,8.5,3.0,14.5,156.0,13.5,1.5,19.5,8.5,15.0,10.0,24.0,20.0,19.0,20.0,31.0,38.0,3.0,4.5,11.5,9.0,19.0,61.0,11.0,12.5,13.5,12.5,7.0,6.0,8.5,7.5,18.0,8.0,11.5,2.5,6.5,4.0,1.5,7.0,1.5,5.5,5.0,6.5,8.0,7.5,9.0,8.0,9.0,7.5,11.0,9.5,10.5,11.5,15.5,15.0,29.5,11.5,14.0,11.0,2.5,2.5,2.0,0.5,0.0,1.0,1.5,2.5,2.5,3.5
30.5,10.0,27.5,28.5,36.5,23.5,26.0,259.0,28.5,13.0,13.5,38.0,28.0,31.0,44.5,91.5,35.0,18.0,59.5,28.5,63.0,19.0,66.0,37.5,32.5,46.0,47.5,52.5,24.5,35.0,34.5,15.0,24.0,82.0,31.0,20.5,17.5,20.5,18.5,14.5,17.0,19.5,24.5,16.5,11.0,15.0,14.5,8.0,11.0,16.0,11.0,10.0,8.5,11.5,22.0,18.5,24.5,19.5,18.0,19.5,29.5,33.0,35.0,24.5,27.0,33.0,22.0,22.5,19.0,20.5,11.5,19.0,18.0,5.5,11.5,5.0,8.5,15.5,7.5,4.0
42.0,29.5,63.5,38.0,52.5,41.5,39.5,179.5,32.0,53.5,34.5,91.0,61.5,53.0,62.5,278.0,75.5,22.0,63.0,50.0,118.5,20.5,77.5,41.0,50.5,70.0,63.5,55.0,31.5,52.5,65.0,30.0,49.5,155.5,51.0,36.5,29.5,27.5,27.0,28.5,25.5,30.0,42.5,31.0,9.5,21.5,45.0,14.5,27.0,26.0,29.5,14.0,20.5,32.0,24.5,33.5,46.5,40.0,33.0,27.5,50.5,57.5,51.0,29.5,60.0,48.5,34.0,41.5,42.5,22.5,22.5,18.0,21.0,19.0,9.5,10.0,9.0,26.0,21.5,9.0
101.0,40.0,84.5,97.5,94.5,71.0,58.5,121.0,68.5,115.5,78.5,134.0,110.5,121.0,143.5,577.5,126.0,36.5,102.5,69.0,157.5,30.5,105.5,63.0,91.5,92.5,99.5,108.0,57.0,64.0,59.5,66.5,66.0,260.0,89.5,35.0,59.5,51.5,48.5,43.5,36.0,34.0,65.0,42.5,28.5,36.5,75.5,39.5,48.5,75.5,50.0,45.5,60.5,62.5,62.5,69.0,95.0,80.0,42.5,45.0,86.5,86.5,72.5,51.5,73.0,90.5,44.0,65.5,59.0,50.5,42.0,25.0,39.5,14.5,35.0,18.0,17.5,42.5,41.0,16.0
105.0,54.5,130.0,151.5,161.5,118.0,116.0,242.5,132.0,158.0,105.5,127.5,149.0,179.0,184.5,668.0,206.5,57.5,137.0,71.0,225.0,54.5,169.5,96.0,165.0,136.0,136.5,140.0,78.5,127.0,102.0,71.5,106.0,355.0,128.0,50.0,101.5,88.0,80.0,68.5,57.5,70.0,98.0,79.5,27.0,55.5,87.5,76.5,109.0,138.5,106.0,118.0,86.5,131.0,107.5,121.0,146.5,119.5,97.0,73.5,126.0,127.5,152.0,65.0,110.0,119.0,71.0,78.5,107.0,55.5,47.0,38.0,57.5,20.5,28.0,24.5,30.0,59.0,43.0,28.5
176.0,84.0,169.5,220.5,208.0,165.0,117.5,430.5,183.0,281.0,178.5,184.0,241.0,238.5,281.0,839.5,318.5,87.0,245.0,92.5,302.5,92.0,236.5,141.5,251.0,236.0,171.5,216.0,106.0,144.0,142.0,86.5,174.5,522.0,172.0,87.0,113.0,152.5,111.5,105.0,80.5,100.5,143.0,119.5,57.5,65.5,136.0,110.5,141.0,268.5,187.5,127.5,147.0,192.0,165.0,161.0,212.5,176.5,165.0,107.5,163.0,149.0,208.0,95.0,147.0,156.0,98.0,108.5,196.5,87.5,68.5,65.0,85.5,26.5,53.0,38.5,34.0,116.0,47.0,42.5
211.5,149.0,314.5,285.0,394.5,268.5,182.0,387.5,208.0,349.5,257.0,217.0,368.5,405.5,418.0,1093.0,482.0,124.5,294.0,135.0,413.5,103.5,355.0,201.5,409.0,337.5,276.5,324.5,147.5,208.0,204.5,149.0,219.5,670.5,246.5,149.0,169.0,207.0,138.0,140.5,109.0,151.0,228.5,201.0,73.0,116.0,199.5,196.0,181.5,260.0,171.5,86.0,230.0,300.5,251.0,279.0,316.0,286.0,270.5,150.5,250.0,268.0,278.0,137.5,217.5,190.5,155.5,130.0,201.5,151.5,95.5,70.0,156.5,49.0,95.5,65.5,39.0,144.0,72.5,78.5
305.5,215.0,444.0,402.5,698.5,448.5,211.5,628.5,301.5,687.0,389.0,388.5,560.0,593.0,556.5,1510.5,623.0,176.5,473.5,206.5,625.0,252.5,601.5,306.0,513.5,439.0,347.0,406.5,146.0,251.0,259.0,192.5,275.5,747.0,317.5,169.0,219.5,339.5,213.0,254.0,182.0,292.0,371.5,278.5,132.0,215.0,320.0,255.5,262.5,350.5,234.5,151.5,388.5,475.0,374.5,451.5,574.5,414.0,384.0,247.0,387.0,403.0,456.0,220.5,262.5,245.5,213.5,128.0,251.5,207.5,131.0,137.0,236.0,76.5,202.5,112.0,119.5,246.5,117.0,113.5
388.0,296.0,687.0,547.0,1011.0,657.5,239.5,881.0,400.0,957.5,532.5,629.5,745.0,752.5,813.0,1261.5,915.0,275.0,671.0,333.5,862.0,275.0,678.0,339.5,535.0,417.0,356.5,470.5,164.0,273.0,286.0,200.5,313.5,709.5,332.5,225.5,261.5,387.0,210.0,313.0,280.0,370.0,483.0,496.0,309.5,385.5,500.5,449.5,386.0,561.0,363.0,244.0,605.0,766.5,640.0,617.5,792.5,551.0,483.5,368.0,547.0,493.0,502.0,249.5,326.5,302.5,302.0,192.0,311.5,336.5,186.5,151.5,323.5,113.5,369.0,262.5,253.5,362.5,165.0,198.0
392.5,355.5,892.5,651.5,1538.0,893.5,318.0,948.5,781.0,737.0,885.5,806.5,970.5,928.0,927.0,2241.5,1134.5,329.0,864.5,383.0,937.5,341.5,830.5,414.5,531.5,408.0,410.5,431.0,163.0,345.0,326.0,180.5,329.5,684.5,392.5,226.0,270.0,418.0,259.5,417.0,281.0,437.0,636.5,594.5,496.5,638.5,777.0,491.0,504.0,674.0,647.0,380.0,825.5,906.0,810.5,1002.0,902.5,687.5,540.0,372.0,524.0,491.5,501.0,270.0,261.5,222.0,301.5,214.0,410.5,410.0,311.0,154.5,437.0,170.0,615.0,561.0,473.5,612.5,239.5,287.5
459.0,347.0,1075.0,616.5,1945.0,997.0,278.0,1144.5,893.5,769.5,859.5,1031.5,1254.5,1123.0,871.0,1976.5,1346.5,396.5,956.0,445.5,919.0,344.5,751.0,417.0,468.0,486.5,350.0,380.5,149.5,284.0,280.0,142.5,289.0,715.0,330.5,203.0,233.5,375.0,263.5,404.0,378.0,450.5,602.0,585.5,630.5,775.5,943.0,615.0,555.0,691.5,680.0,482.0,864.0,1078.0,785.5,914.5,842.0,599.5,570.0,438.5,561.0,434.5,471.5,254.0,272.5,237.0,304.5,192.0,437.5,534.5,340.5,163.0,663.5,135.0,1025.5,808.5,741.5,756.0,228.5,308.5
451.0,323.5,1128.0,631.5,2199.0,1020.0,298.0,894.5,612.0,853.5,609.0,704.5,1077.0,827.0,810.0,2032.5,1083.0,434.5,909.0,486.0,760.5,314.5,788.0,392.5,372.5,538.0,314.0,258.5,136.0,203.5,223.5,98.5,220.0,603.0,246.0,128.5,169.0,294.5,222.5,314.0,270.5,425.0,559.0,553.5,686.0,704.5,997.5,670.0,403.0,609.5,514.0,348.0,600.0,812.5,748.0,929.0,565.5,579.5,460.5,379.0,463.5,424.5,378.0,188.5,238.0,209.5,281.5,158.5,374.0,497.5,260.5,128.5,639.0,104.0,1013.5,828.0,735.0,669.5,233.0,315.5
388.5,210.5,861.5,474.5,1869.0,939.0,264.0,848.5,586.5,790.0,554.0,678.0,1002.5,752.5,648.0,2143.0,840.0,365.0,814.0,383.5,600.5,253.0,483.5,231.5,343.0,447.0,160.0,144.0,105.0,196.5,186.5,65.0,178.5,524.0,137.0,83.0,104.5,194.0,175.0,263.5,193.0,330.5,497.0,366.0,793.5,685.0,991.5,760.5,400.5,470.0,345.5,296.5,449.0,671.5,667.5,814.5,501.0,406.0,534.5,369.0,360.5,287.5,290.0,147.5,176.5,141.5,187.0,156.5,379.0,426.0,258.0,105.5,627.5,92.5,1201.5,885.0,956.0,697.5,246.5,195.5
328.5,194.0,584.5,349.0,1316.0,623.0,192.0,659.5,454.0,840.0,488.5,599.5,625.5,519.5,454.5,1916.0,595.5,166.5,467.5,185.5,512.5,161.0,256.5,208.0,274.0,245.5,154.0,138.5,61.0,155.0,115.0,74.5,131.5,360.0,132.0,64.5,87.0,200.5,127.0,205.5,138.5,222.0,278.5,229.5,368.5,353.0,517.5,505.5,228.5,318.5,287.5,274.0,328.5,516.5,487.5,626.5,401.5,330.5,499.0,252.5,255.5,214.0,242.5,103.5,143.5,125.5,116.5,80.5,253.0,229.5,176.0,67.0,385.5,56.5,563.0,448.5,512.0,379.0,154.5,109.5
181.0,112.0,443.5,235.0,1193.5,447.5,175.5,699.0,383.5,854.0,466.0,479.0,518.0,374.5,355.0,1617.5,444.0,126.0,298.0,168.5,423.0,115.5,289.0,156.0,245.0,208.5,138.5,126.0,65.0,108.5,106.0,72.0,104.0,396.0,128.5,48.0,81.5,131.0,108.0,223.5,98.5,188.5,217.0,160.5,304.0,205.5,443.5,406.0,189.0,287.0,255.5,222.0,337.0,339.5,344.5,583.0,288.5,262.0,313.5,218.0,197.5,180.0,180.5,85.0,144.5,121.0,99.0,68.5,175.0,188.5,148.5,63.0,271.5,63.5,350.5,332.5,425.0,290.0,131.5,58.5
140.0,85.5,293.5,175.5,648.5,356.5,151.5,521.0,298.0,758.5,421.0,392.0,378.0,349.5,352.0,1765.5,328.0,74.5,323.5,135.0,355.0,94.5,223.5,110.5,179.0,168.0,96.0,100.0,47.0,130.0,81.0,62.5,112.5,348.0,98.0,58.5,69.5,137.5,113.5,147.5,99.0,134.5,181.0,117.0,166.5,163.5,268.5,349.5,166.5,230.0,182.0,151.5,291.0,273.5,276.5,356.0,247.5,262.5,237.5,152.5,167.0,162.0,143.5,49.0,103.5,102.0,80.5,69.0,137.0,152.5,102.0,47.0,219.0,49.0,267.5,233.0,269.5,241.5,123.5,62.0
154.5,68.0,213.0,129.0,427.0,285.5,135.5,655.5,306.0,719.0,370.0,333.5,329.0,303.0,256.5,1446.0,236.0,88.5,202.0,111.5,348.0,86.5,184.0,109.0,165.0,184.5,85.0,81.0,53.5,120.5,93.0,42.5,86.0,284.0,64.5,40.0,51.5,141.0,111.0,138.5,83.5,121.5,133.0,100.5,145.0,121.0,277.0,331.0,134.5,206.5,163.5,154.5,206.0,214.5,214.5,321.0,208.0,180.0,201.0,114.5,129.0,124.0,134.0,51.5,98.5,79.0,57.0,58.5,119.0,143.0,92.0,47.0,168.0,48.5,191.5,217.5,181.0,177.5,108.5,52.0
128.0,66.0,174.0,101.5,359.5,279.5,141.5,452.5,265.5,576.5,316.0,275.0,329.5,250.5,230.0,1402.0,197.0,65.0,128.0,111.0,318.5,80.0,161.5,111.5,193.0,157.5,75.5,69.5,41.0,103.5,65.0,49.0,72.5,313.5,85.5,36.5,60.5,148.5,80.0,149.0,104.5,112.0,126.0,90.5,121.5,140.0,179.5,247.0,140.5,193.5,141.5,131.5,236.5,203.5,165.0,225.5,155.0,146.5,150.0,109.0,121.0,110.5,97.0,43.0,96.5,77.0,62.5,38.5,101.5,93.0,65.0,39.0,135.5,39.5,189.0,179.0,145.5,168.0,86.5,39.0
95.5,48.0,158.0,93.0,316.5,240.5,125.5,469.0,264.5,657.0,299.5,262.0,277.0,247.5,210.5,1225.5,202.5,79.0,117.5,80.0,269.0,62.5,181.0,88.0,183.0,142.0,83.0,69.5,43.0,129.0,69.0,42.5,69.5,251.0,68.5,36.0,56.5,116.5,103.5,129.5,74.5,87.5,131.5,90.5,86.0,95.5,174.5,260.0,129.0,163.5,163.5,118.5,188.5,172.5,161.5,201.0,140.5,140.5,132.0,90.5,111.5,105.5,110.5,37.5,85.0,54.0,58.0,38.5,86.5,87.5,68.5,40.5,109.5,33.0,150.5,180.5,139.5,134.0,75.0,36.0
107.5,66.5,113.5,95.5,259.0,193.5,126.5,477.5,222.0,606.5,297.5,304.0,273.0,245.5,227.5,1436.0,175.5,58.5,123.0,84.5,286.5,79.5,131.0,92.5,213.0,173.5,65.0,66.0,30.5,112.0,89.0,37.5,72.0,256.5,81.0,35.5,57.0,121.5,108.5,104.5,63.0,76.5,124.0,74.0,78.5,92.0,203.0,269.0,116.5,173.5,153.5,126.0,218.0,172.0,108.5,162.5,133.5,122.5,126.0,109.5,108.5,101.5,83.5,40.5,76.0,73.5,53.0,46.5,101.0,88.5,67.5,35.5,101.0,37.0,134.0,176.5,133.0,136.0,84.5,39.5
111.5,48.0,126.5,83.5,281.0,204.0,132.5,423.0,246.0,600.0,296.5,270.0,258.0,210.0,179.5,1360.5,177.0,55.5,111.0,81.0,295.0,44.5,164.0,94.5,151.0,144.5,87.0,63.5,44.0,82.5,76.5,39.0,53.5,201.0,71.5,31.0,50.0,117.0,98.5,123.5,68.0,76.0,115.5,58.0,83.5,76.0,190.5,202.0,115.5,158.5,153.5,114.0,158.5,175.0,120.5,145.5,112.5,107.5,128.0,81.0,88.0,103.0,96.0,42.0,88.0,70.5,50.0,50.0,76.0,78.0,48.5,32.5,99.5,26.5,127.5,143.5,121.0,138.5,72.0,36.0
112.5,40.5,113.0,77.0,263.0,205.5,131.0,451.0,245.5,608.5,295.0,298.5,256.5,220.5,186.0,1194.5,156.0,45.0,113.5,70.5,252.0,65.0,173.0,84.5,214.0,182.5,61.5,62.0,35.0,97.0,57.0,31.0,70.5,250.5,60.0,26.5,48.5,118.0,100.5,125.0,61.5,76.5,100.0,59.5,79.0,88.5,178.5,255.0,125.0,152.0,151.5,115.0,194.5,140.0,124.0,157.5,97.0,104.0,99.0,99.5,95.0,84.5,91.5,35.5,74.5,58.0,45.0,39.5,71.5,78.5,57.0,34.5,109.0,27.0,123.5,138.5,115.5,133.5,71.0,26.5
99.0,48.5,100.5,105.5,256.0,215.5,122.5,526.5,220.0,576.5,295.0,254.5,238.0,206.0,187.5,1324.5,139.5,54.0,101.5,91.5,252.0,38.0,152.5,102.5,196.0,133.0,85.5,73.0,31.0,89.0,45.5,29.5,54.5,159.5,59.5,30.5,47.5,105.0,117.5,116.5,64.0,86.0,108.0,72.5,85.5,75.5,167.0,219.0,96.5,143.0,147.0,115.0,185.0,152.5,111.0,167.0,118.5,100.5,128.5,96.0,80.5,102.0,86.0,32.0,76.5,63.0,65.0,44.0,88.0,79.5,59.0,36.0,108.0,43.0,107.0,166.5,129.0,115.0,78.0,30.5
91.0,60.5,125.5,68.0,288.5,217.0,117.5,396.5,248.0,555.0,322.5,272.0,237.0,194.5,176.5,1404.5,168.0,60.0,104.5,82.5,267.0,57.0,215.5,103.0,165.0,183.5,88.0,73.0,42.5,99.5,58.0,40.5,65.0,259.0,57.5,31.5,40.5,114.0,119.5,113.5,56.5,87.5,115.0,60.0,74.0,93.0,162.0,228.0,100.5,146.5,142.5,115.0,165.0,159.5,113.5,137.5,108.5,99.5,108.5,93.0,94.0,99.5,95.0,45.5,66.0,59.5,52.0,43.0,75.5,69.0,49.0,34.5,89.5,37.5,124.5,158.5,123.0,158.5,69.0,33.5
121.5,59.5,133.5,81.0,292.0,191.0,111.0,435.5,230.5,634.5,308.5,273.0,236.0,195.5,176.0,1215.5,157.5,58.5,122.5,106.5,301.5,72.0,181.5,82.0,272.5,183.5,63.5,76.5,24.5,120.0,78.0,35.0,76.5,272.0,58.5,32.0,59.5,109.5,106.0,141.0,55.0,98.0,99.0,74.0,81.5,84.0,164.0,250.0,106.0,155.0,116.5,106.5,158.5,146.5,124.0,156.5,122.5,112.5,124.0,94.5,98.5,85.5,94.0,37.0,95.5,69.5,58.5,59.5,89.0,77.0,48.5,26.5,100.5,29.5,109.0,166.0,128.0,135.0,81.0,33.5
104.5,50.5,131.0,97.0,237.5,203.0,118.0,423.5,231.0,558.0,318.0,286.0,247.0,199.5,166.0,1425.0,144.0,56.5,113.5,74.5,287.0,44.0,168.5,130.0,224.5,153.5,88.0,87.0,32.0,114.5,54.5,35.0,73.0,213.0,56.0,38.5,53.5,119.5,133.5,121.5,56.0,95.0,113.0,73.0,89.0,113.0,196.5,219.5,92.5,141.0,124.0,109.0,192.5,130.5,134.0,174.5,126.5,106.5,138.5,91.0,92.0,85.0,95.5,36.0,103.0,42.5,43.5,45.0,99.0,80.5,62.5,37.5,113.5,31.5,119.0,152.0,119.0,144.0,82.5,27.0
134.5,54.5,143.0,101.5,286.0,190.5,117.5,366.5,250.5,618.0,341.5,284.0,290.5,227.0,183.0,1348.0,174.0,68.0,121.5,100.5,284.5,75.0,195.5,129.0,178.5,201.5,93.0,66.0,36.5,95.0,84.5,44.5,68.5,276.5,81.5,24.5,57.0,103.5,103.0,113.0,60.0,106.5,111.5,82.5,102.0,98.0,166.0,228.5,125.0,142.0,137.5,105.0,171.5,159.0,119.5,161.0,129.0,106.5,123.0,99.0,97.5,93.0,101.5,40.0,93.0,60.0,63.5,53.5,110.0,70.5,60.0,31.0,104.5,44.5,104.0,131.5,121.0,152.5,67.0,28.0
129.5,53.0,161.0,97.0,335.0,196.5,111.5,452.5,229.0,659.0,300.5,283.5,243.5,244.5,179.5,1308.5,167.5,70.5,119.0,93.5,310.0,64.5,185.0,91.5,256.5,220.5,74.5,75.0,37.0,94.0,76.5,26.0,104.0,263.0,59.0,40.0,53.5,114.0,116.0,115.0,56.5,96.0,127.0,73.0,79.0,133.5,175.0,212.5,116.5,148.5,133.5,124.0,168.5,181.5,134.0,177.0,118.0,128.5,136.0,107.5,92.5,103.0,75.5,33.5,90.0,69.0,59.0,66.0,116.5,87.5,71.5,39.0,111.5,27.0,113.0,115.0,131.5,132.0,69.5,27.5
136.5,46.0,139.0,108.5,276.5,201.0,117.5,478.5,240.5,653.5,324.0,294.5,255.0,220.5,197.5,1433.5,183.5,51.5,113.0,92.5,263.0,55.0,205.5,96.5,214.0,147.0,86.0,79.5,36.5,115.5,77.0,44.5,82.0,267.5,77.0,35.0,55.0,109.5,122.0,127.5,72.0,104.0,120.0,62.0,89.0,129.5,187.0,229.0,108.5,159.5,148.0,119.5,192.0,152.5,130.5,154.5,132.5,133.0,134.0,91.5,101.0,90.5,104.5,32.0,106.5,47.0,68.0,52.0,91.5,84.0,55.5,33.0,96.0,32.0,117.5,140.0,128.5,140.0,74.0,31.0
106.5,48.0,148.0,86.0,273.5,226.5,114.5,458.0,266.0,632.5,330.5,267.0,288.0,225.5,192.0,1380.5,172.5,62.0,123.5,99.5,296.0,60.5,224.5,101.5,176.5,180.5,95.5,57.5,31.0,110.0,76.0,40.5,60.5,256.5,61.0,23.0,58.0,107.0,112.0,127.0,63.0,81.0,104.0,81.0,81.0,106.5,187.5,229.0,104.5,179.0,147.5,129.5,157.0,189.0,125.0,141.0,120.0,120.0,145.5,94.5,81.5,105.5,99.0,33.0,88.0,63.0,45.0,57.0,104.0,76.5,52.5,33.0,94.5,24.5,122.0,141.0,139.5,145.0,89.0,43.0
125.0,52.0,153.0,84.0,317.0,186.5,116.5,434.0,250.0,618.0,324.0,309.5,256.5,228.5,196.0,1270.0,181.0,58.5,118.0,94.5,269.0,57.0,193.0,72.0,231.0,186.0,73.5,69.0,27.0,104.0,63.5,44.0,87.5,293.5,65.5,35.5,59.5,116.0,122.5,127.5,65.5,87.5,106.5,80.5,110.0,90.5,180.5,239.0,116.5,157.0,143.0,107.5,171.5,177.0,149.0,167.0,147.5,117.5,131.0,94.0,89.5,89.0,97.5,40.5,89.5,61.0,56.0,47.0,87.0,88.0,52.0,30.5,116.0,24.5,136.5,167.5,159.5,161.5,82.0,39.0
111.0,40.5,129.5,80.5,306.5,236.0,104.5,395.5,243.0,703.0,330.0,301.0,268.5,198.0,192.0,1220.0,147.5,68.5,127.5,75.5,299.0,43.5,162.0,100.0,228.0,155.5,77.5,74.0,34.5,114.0,59.0,30.0,75.5,201.5,80.0,30.5,45.0,113.5,111.5,120.0,66.5,87.0,116.5,64.0,86.5,95.5,195.0,233.0,127.5,158.5,170.0,116.0,184.5,185.5,115.5,170.5,130.0,115.0,142.0,83.5,101.0,96.5,83.5,39.0,77.5,62.0,48.5,43.0,91.5,83.5,60.0,33.5,92.0,29.5,153.5,160.0,138.5,153.5,82.0,27.5
91.5,55.5,120.5,97.5,257.5,237.0,122.0,496.5,271.5,657.5,324.5,269.0,268.0,187.0,174.5,1289.0,138.5,86.0,100.0,93.5,283.5,50.0,222.5,99.5,179.5,190.0,85.5,49.5,40.5,76.5,66.0,42.0,62.5,294.0,73.0,30.0,55.5,117.5,117.0,131.0,59.5,87.0,119.0,69.0,109.5,94.0,184.0,245.5,128.0,143.0,139.5,135.5,181.0,176.0,125.5,168.5,112.5,121.5,122.5,114.5,85.0,80.0,90.0,30.5,84.0,67.0,49.5,47.5,85.5,74.0,53.5,33.5,106.0,28.0,145.0,206.0,147.0,163.0,88.5,32.0
103.5,45.5,122.5,92.0,283.0,246.5,118.0,526.5,276.5,658.5,311.5,324.5,264.5,217.0,160.0,1236.5,170.0,65.0,118.5,81.5,287.0,64.0,148.0,74.5,219.0,165.5,58.0,68.5,28.0,100.5,60.5,35.0,79.0,254.0,59.0,36.0,54.5,87.5,118.0,130.0,60.0,85.5,110.0,71.0,86.5,104.0,187.5,235.5,109.5,151.5,141.0,144.5,195.0,148.5,107.5,162.0,119.0,93.5,142.5,94.0,80.5,84.5,82.5,36.5,70.0,53.5,49.5,52.5,71.0,74.5,54.0,27.0,99.5,32.0,155.5,194.5,140.5,164.0,86.5,30.5
96.0,51.0,108.0,96.5,284.5,203.5,111.5,481.0,274.0,670.0,311.5,298.0,253.0,182.0,174.5,1094.0,150.0,57.0,106.0,83.5,261.5,44.5,195.5,90.5,222.5,152.5,78.5,56.0,34.5,107.5,61.5,43.0,68.5,208.5,52.0,26.5,43.5,105.0,129.5,138.5,66.5,91.0,126.0,64.5,95.5,76.0,176.5,234.0,100.0,171.0,144.5,134.5,165.0,157.5,110.0,179.0,114.5,122.5,96.0,103.0,77.5,82.0,113.5,29.0,62.5,36.5,54.0,58.5,75.0,76.0,47.5,32.5,95.0,29.5,125.5,168.0,130.0,155.0,71.5,27.5
102.5,38.5,110.5,82.0,274.0,209.5,112.0,480.0,258.5,633.5,375.0,285.5,275.0,198.5,195.5,1115.5,177.5,63.5,95.0,101.0,298.0,56.5,232.0,99.5,168.0,174.0,89.5,48.0,33.5,85.0,72.0,35.5,53.0,286.0,62.0,31.5,36.0,119.0,120.0,126.5,69.5,101.5,125.0,75.0,101.5,84.0,202.5,229.0,100.5,156.5,152.5,125.0,171.5,145.0,117.0,171.0,131.5,125.0,129.0,80.5,94.5,83.5,110.0,37.0,89.0,51.5,46.0,54.5,93.5,81.5,54.0,42.5,107.0,37.5,105.0,184.5,117.5,149.5,78.0,32.5
104.0,43.5,137.0,92.0,279.0,202.0,124.0,513.0,232.0,611.0,298.5,303.0,233.0,193.5,178.5,1125.0,167.0,87.5,131.5,89.0,261.5,62.0,155.5,71.0,218.5,169.5,68.5,73.5,22.5,103.0,49.5,42.0,84.0,261.0,81.0,28.5,51.5,100.0,140.0,137.5,52.0,98.5,110.0,72.5,81.5,77.5,192.5,222.5,108.0,157.5,140.5,123.0,204.0,164.5,118.5,168.5,137.0,108.0,126.0,94.5,102.0,89.0,94.5,29.0,106.5,69.0,60.5,53.5,94.0,74.5,42.0,34.5,104.5,41.5,121.0,170.0,123.0,138.5,78.0,35.5
103.5,53.0,124.5,98.5,273.0,230.5,135.0,415.0,269.0,691.0,331.5,320.0,230.0,189.0,190.5,1268.0,149.5,69.5,129.5,94.0,265.5,43.5,216.0,100.0,221.5,167.0,80.0,71.5,30.5,99.0,57.0,42.5,69.5,192.0,66.5,42.0,57.5,120.0,125.0,131.0,65.0,96.0,115.0,73.0,82.0,87.5,194.5,222.0,104.5,166.0,134.5,113.0,194.5,146.5,137.5,157.0,110.0,110.0,113.0,91.5,94.0,100.5,104.0,37.5,94.5,54.0,50.5,44.0,87.0,72.5,50.5,46.0,105.5,28.0,122.0,149.0,129.0,161.5,91.0,32.0
106.0,51.5,122.0,75.5,273.0,216.5,134.0,400.5,294.0,678.5,328.5,287.5,289.5,198.0,216.0,1296.0,156.5,66.0,123.0,96.5,298.0,49.5,221.5,95.5,189.0,182.5,110.5,53.5,42.5,91.0,70.0,32.0,51.0,285.5,67.0,34.0,60.0,149.5,115.0,124.0,52.5,100.0,111.0,82.0,83.5,82.0,188.5,231.0,120.0,157.5,148.5,123.5,167.5,205.0,146.0,149.5,144.5,125.0,115.0,99.0,107.0,104.5,76.0,30.0,91.0,50.0,51.5,34.0,94.5,82.5,56.0,54.0,124.0,44.5,131.5,182.5,129.5,162.5,72.5,28.0
102.5,48.5,129.0,90.0,293.0,233.5,142.5,520.0,258.5,667.5,307.0,352.0,260.0,213.5,193.0,1357.5,169.0,82.5,123.5,97.5,289.5,71.0,218.0,69.5,249.0,215.0,76.0,85.5,35.5,122.0,91.5,31.0,88.0,262.5,77.5,37.5,63.5,117.5,127.0,151.0,72.5,81.5,122.5,82.0,82.0,90.0,185.5,221.0,120.0,179.5,149.5,112.0,180.5,214.5,150.5,157.5,139.5,129.5,145.5,95.5,104.5,113.0,104.0,38.5,82.5,47.5,61.0,48.5,84.5,82.5,62.5,57.0,101.5,42.5,130.0,157.0,120.0,153.5,72.0,35.5
82.0,55.0,120.5,130.0,279.0,255.0,139.5,413.5,270.5,702.5,318.5,308.5,282.0,223.5,216.5,1507.0,185.0,69.5,134.0,110.5,325.5,58.5,183.0,114.5,216.0,170.0,117.0,79.0,43.5,113.5,100.0,41.0,80.5,200.5,103.0,31.0,61.0,141.0,97.0,134.0,74.5,84.0,106.5,67.0,88.5,111.5,191.5,236.0,130.5,171.5,151.0,122.5,184.5,213.5,149.5,172.5,104.5,122.5,120.0,91.5,114.5,107.5,112.0,38.0,89.5,69.0,66.5,54.5,82.5,83.0,59.5,33.5,121.5,50.0,127.0,163.0,114.5,179.5,79.5,31.0
103.5,49.0,144.5,124.5,274.5,282.0,134.5,440.0,306.0,716.5,333.5,355.0,292.0,245.0,223.5,1142.5,190.0,80.5,140.5,104.0,291.0,59.5,250.0,123.5,217.0,242.5,143.0,56.5,53.0,115.0,105.0,39.0,63.0,283.5,67.0,33.5,59.5,130.0,133.0,147.0,66.0,100.5,150.5,84.0,97.5,92.5,199.0,222.5,135.5,206.0,154.5,146.0,180.5,240.5,160.5,188.0,125.0,127.0,129.5,105.5,104.0,102.0,112.5,46.0,91.0,66.0,48.5,56.0,115.5,70.0,65.0,44.5,123.0,40.5,114.0,157.5,169.5,171.5,86.5,54.5
122.5,64.0,166.5,133.0,329.5,282.5,169.0,592.0,317.0,678.5,326.5,322.5,314.5,268.0,223.0,1238.5,212.5,74.5,146.0,111.5,322.5,76.5,224.0,94.5,286.5,245.0,120.0,96.5,35.5,124.5,96.0,37.0,93.5,270.5,86.5,38.5,56.0,131.5,139.0,123.5,67.5,96.0,128.5,93.0,97.0,92.0,211.5,211.0,138.5,292.0,166.5,157.0,183.5,255.5,140.5,191.0,125.5,146.0,141.5,105.5,118.5,107.0,113.5,42.5,103.0,69.0,63.0,77.5,121.5,86.0,72.0,55.0,153.0,42.5,136.0,168.0,117.0,168.0,90.0,37.0
130.0,55.5,202.5,186.0,358.5,321.0,163.0,464.0,312.5,690.5,336.0,389.0,355.5,284.5,260.0,1490.0,230.0,102.0,160.0,135.0,293.0,55.0,241.0,130.5,304.5,170.0,140.0,114.0,48.5,136.0,81.0,52.5,88.5,237.5,94.5,52.5,61.0,152.5,131.0,155.5,88.5,127.5,159.5,100.5,122.0,138.5,221.5,224.5,189.5,271.0,190.0,151.5,202.5,244.5,159.5,221.0,149.5,144.5,146.5,111.5,130.0,109.5,118.0,39.5,106.5,77.0,75.0,67.0,112.5,93.5,100.5,66.5,177.0,63.0,198.0,210.5,151.0,200.5,73.5,43.5
189.5,78.0,183.5,189.5,338.5,355.5,180.5,494.0,335.5,738.0,370.0,391.0,359.5,305.0,324.0,1299.0,322.0,111.5,204.0,120.5,330.0,81.0,313.5,129.0,222.5,264.5,143.0,93.0,65.5,112.0,105.0,50.0,81.5,349.0,115.0,52.0,95.5,168.5,131.5,198.0,108.0,153.5,171.5,106.0,111.5,124.0,230.0,282.5,213.0,269.0,229.5,178.5,234.5,272.0,199.0,230.0,155.0,150.0,177.0,128.0,151.0,129.0,161.0,40.0,136.5,71.5,73.0,85.5,133.0,139.5,103.5,72.5,192.0,64.0,174.5,177.5,158.5,215.5,85.5,41.5
230.0,66.5,235.5,180.0,565.5,455.0,218.0,638.5,572.0,833.5,454.0,452.5,494.5,354.5,357.0,1199.5,305.0,125.5,272.5,148.5,408.0,94.5,281.5,118.0,340.0,258.0,114.5,128.0,74.5,146.5,136.0,59.0,120.0,411.0,114.5,85.0,106.0,208.5,171.5,250.0,153.5,249.0,272.5,138.0,235.0,244.5,322.5,398.0,222.0,318.0,307.5,249.0,384.0,401.0,254.5,310.5,204.0,193.0,184.5,192.5,184.0,155.0,170.5,59.5,136.0,80.5,85.0,107.5,206.0,115.5,138.5,99.5,239.5,54.0,450.0,348.0,332.5,275.5,112.0,69.0
236.5,121.5,393.5,258.5,846.0,653.5,249.5,763.5,581.0,888.0,584.5,542.0,608.5,486.0,424.5,1323.5,398.5,158.0,371.0,193.0,418.5,122.5,388.5,181.5,332.5,254.0,211.0,188.5,107.5,161.0,100.0,74.5,157.5,270.5,143.5,128.0,161.0,299.0,231.0,343.0,197.0,266.5,258.0,208.5,259.5,294.0,474.5,375.5,292.0,413.0,401.5,307.5,416.0,483.5,388.5,425.0,305.5,248.0,266.0,202.5,183.0,186.0,210.5,67.0,156.0,73.5,110.5,109.5,248.0,191.5,171.5,113.0,301.5,96.0,433.0,391.0,313.0,444.5,178.0,84.0
257.5,139.0,422.5,279.5,1004.5,752.0,263.0,716.5,683.0,917.5,642.0,642.0,748.0,555.5,542.0,1393.0,633.5,257.0,462.5,207.0,535.5,97.5,471.5,180.5,359.5,299.0,182.5,137.0,72.0,183.0,127.0,63.5,116.5,498.5,205.5,113.0,143.0,256.0,214.0,339.0,197.5,308.5,321.5,229.0,399.0,421.5,601.0,564.5,365.0,438.5,378.5,310.5,595.0,584.0,425.0,522.5,335.0,308.5,323.5,295.0,249.5,248.0,253.0,94.0,198.0,110.5,129.0,126.0,257.5,210.5,199.5,127.0,389.0,106.5,611.5,557.5,559.5,475.0,188.5,126.5
235.5,164.5,552.0,363.0,1286.5,760.5,282.0,692.0,700.5,891.5,735.5,739.0,849.5,669.0,618.5,1417.0,737.0,295.5,622.5,292.5,616.0,168.5,620.0,219.5,370.0,374.5,248.0,160.0,110.5,157.5,205.0,122.0,174.0,477.0,208.5,112.0,148.0,224.0,274.0,326.5,209.0,322.0,344.5,327.5,431.0,458.5,672.5,569.0,389.5,481.0,472.0,292.5,587.0,664.5,509.0,679.5,442.0,351.5,401.0,280.5,301.5,298.0,329.0,119.0,184.0,144.5,159.0,161.0,336.0,285.5,214.5,117.5,470.5,128.5,699.0,623.0,639.5,607.0,215.0,179.5
271.0,176.0,564.0,383.0,1151.0,678.5,278.5,618.0,535.0,836.0,620.0,742.5,797.0,675.5,593.5,1417.0,808.0,235.0,592.5,246.5,623.0,172.5,665.0,236.0,392.0,412.0,220.5,255.0,119.5,217.5,194.5,86.0,224.0,596.5,149.5,134.5,189.5,247.0,256.0,306.0,175.0,255.0,386.5,286.5,492.0,428.0,653.5,531.5,341.5,446.0,355.5,324.5,478.5,608.0,473.0,656.0,384.5,412.0,481.0,328.5,337.0,344.0,306.0,137.0,217.0,159.0,175.0,174.0,288.0,303.5,191.0,130.5,421.0,85.0,620.0,503.5,546.0,550.0,175.0,180.5
253.0,189.5,623.5,363.5,1233.5,597.5,186.5,557.0,417.5,771.0,546.0,642.5,716.5,610.5,619.5,1326.0,735.0,209.0,748.5,346.5,627.0,194.5,656.0,280.5,402.5,477.0,266.0,235.0,122.5,213.5,193.0,127.5,237.5,572.0,164.5,123.0,140.5,220.5,246.5,300.5,153.0,280.0,363.5,390.5,412.5,441.5,702.0,439.5,308.0,380.0,331.5,248.5,384.5,605.0,566.5,605.0,419.0,447.5,504.0,287.0,325.0,304.0,356.5,158.0,234.0,134.0,155.0,162.0,300.5,332.5,176.5,103.0,382.0,83.5,570.0,446.0,540.0,522.5,198.5,143.5
218.0,204.0,586.5,433.0,1012.5,449.0,184.5,449.0,386.5,685.5,452.5,528.0,564.5,511.0,459.5,1147.5,650.0,155.0,519.0,293.0,575.5,218.0,703.0,267.5,405.0,409.5,272.0,245.0,106.5,276.0,195.0,82.0,216.5,466.5,141.5,148.0,139.5,228.0,238.0,227.0,129.0,253.0,351.5,312.5,339.5,319.0,544.0,324.0,224.0,341.5,246.0,213.5,335.5,443.0,462.5,574.5,423.5,427.0,399.5,259.5,370.5,292.5,336.5,170.5,182.5,136.0,164.5,147.5,226.5,278.5,140.5,84.0,309.5,75.0,343.5,324.0,363.0,431.5,128.5,136.5
172.0,148.5,483.5,312.0,874.0,363.5,147.5,416.0,343.5,591.5,402.0,440.5,497.0,472.5,418.5,1100.5,500.0,130.5,446.5,247.0,456.5,181.5,578.0,240.0,279.5,358.0,235.0,234.0,111.5,205.5,186.0,135.0,213.0,512.0,145.5,115.0,125.0,175.0,216.5,185.5,131.0,229.5,276.5,285.5,229.5,263.5,449.0,278.5,204.0,279.0,184.5,199.5,221.5,386.0,437.5,480.0,349.5,346.5,355.0,213.5,282.0,279.5,265.5,130.0,168.5,132.5,135.0,128.0,189.0,247.5,122.0,88.5,229.5,57.0,312.0,259.5,300.0,333.5,110.5,112.5
121.5,146.5,367.0,250.0,702.0,312.5,132.0,353.5,277.5,496.5,377.0,390.5,404.0,312.5,338.5,1095.0,438.5,123.0,360.0,185.5,413.0,166.0,506.0,201.5,285.0,294.0,206.5,224.0,84.0,177.0,150.5,83.5,205.5,406.5,86.5,90.5,66.5,141.5,158.0,169.0,122.0,185.5,283.0,196.5,218.0,211.0,345.0,239.5,169.5,226.5,151.5,134.0,221.5,295.5,307.5,414.0,325.5,322.5,303.0,187.0,238.5,238.5,213.0,135.5,167.0,91.0,118.5,96.5,212.5,165.5,99.5,67.5,231.5,34.5,240.0,248.0,245.5,302.0,91.0,92.0
128.5,132.0,290.0,235.0,573.5,249.5,103.0,294.0,242.5,513.5,331.5,368.0,324.5,284.0,329.5,1096.0,370.0,99.0,301.0,146.5,355.5,143.5,403.5,159.5,282.5,261.0,147.0,178.5,81.0,159.5,150.5,67.0,186.0,352.5,105.0,69.5,87.0,112.0,171.0,148.5,66.0,157.5,184.0,204.0,158.5,192.0,354.5,211.5,134.5,207.5,152.5,144.5,169.5,250.5,293.5,317.0,297.0,246.5,268.0,144.5,216.0,228.0,229.0,107.0,127.5,84.5,121.5,118.0,153.0,173.0,81.0,48.5,166.0,47.5,233.0,189.0,229.5,263.0,64.5,77.0
114.0,96.0,291.0,206.5,518.0,224.0,113.0,376.5,234.0,458.0,316.0,295.0,333.5,213.0,271.5,881.5,333.0,132.0,257.5,144.0,311.0,118.5,406.0,125.5,239.0,235.0,107.5,146.5,44.5,140.0,106.5,61.0,146.5,338.5,78.0,68.0,62.0,102.0,140.5,130.5,84.0,132.5,188.0,155.5,156.0,146.0,253.0,170.0,133.0,181.5,114.0,110.5,146.5,222.5,220.0,306.5,226.0,228.0,209.0,142.5,141.0,184.0,155.0,92.5,105.5,68.5,94.5,80.0,119.5,147.0,93.0,62.5,139.5,31.5,183.0,158.0,248.5,232.5,64.0,61.0
96.5,108.0,245.0,180.0,432.0,243.5,84.0,252.5,185.5,423.5,298.5,287.0,266.0,213.0,251.0,755.0,278.5,82.0,228.5,143.0,278.5,124.0,279.5,158.0,248.5,200.5,141.0,173.5,74.5,117.0,61.0,59.0,150.5,259.0,75.0,47.0,77.5,109.0,147.0,118.5,67.5,125.0,167.5,157.0,141.0,128.0,244.0,156.5,117.5,157.0,122.0,106.5,144.5,200.5,201.0,272.0,218.5,193.0,192.5,121.0,129.5,143.5,148.5,91.5,100.0,77.0,82.5,81.5,119.5,136.0,72.5,46.5,154.0,32.5,166.5,135.5,192.0,243.5,63.0,62.5
80.0,71.5,217.5,184.0,477.0,236.0,100.5,258.5,238.0,472.0,315.5,276.0,269.0,216.0,219.5,707.5,256.0,94.5,224.5,101.0,263.5,77.5,350.0,157.5,204.5,203.5,139.0,134.0,65.0,99.5,98.5,55.5,81.5,265.0,72.0,55.0,43.0,115.0,132.0,183.0,68.5,152.5,169.5,164.0,153.5,169.0,280.5,159.0,128.0,156.5,105.0,100.5,145.0,200.5,217.5,249.5,224.5,161.5,208.5,104.5,164.0,143.0,163.5,71.0,100.5,43.0,78.5,74.5,131.5,107.0,60.0,47.5,115.5,38.0,190.0,153.5,234.5,219.0,52.5,70.0
93.0,107.5,257.5,198.5,490.5,235.5,89.0,273.5,205.5,441.0,300.5,255.5,271.0,225.5,223.5,891.5,267.0,85.5,221.5,102.5,239.0,104.5,283.5,101.5,202.5,217.5,137.5,86.5,29.0,111.5,102.5,40.0,132.0,251.5,54.0,36.0,57.0,120.5,132.0,167.5,84.5,144.0,180.0,139.0,120.0,155.0,256.0,158.0,118.0,165.5,113.5,99.5,138.5,202.5,231.0,268.5,194.5,164.5,198.0,103.0,125.5,131.0,119.0,65.5,71.5,52.5,85.5,57.5,117.0,131.5,56.5,62.5,118.5,48.0,180.0,134.0,223.5,218.0,56.5,43.5
70.5,81.5,227.0,187.5,471.0,215.5,82.5,277.0,186.5,431.5,312.0,226.0,282.0,197.0,235.0,693.5,266.5,101.5,184.0,131.5,240.5,63.5,299.0,131.5,225.0,134.0,99.5,133.5,51.0,109.5,61.0,46.0,107.0,173.0,82.0,47.5,72.0,106.0,122.5,138.0,60.0,129.5,151.5,145.0,99.0,136.5,230.0,166.0,113.5,151.5,194.0,119.5,126.0,177.5,174.5,216.5,190.0,147.0,180.0,119.0,126.0,141.0,118.5,67.5,79.5,55.5,75.0,81.5,130.5,115.5,63.5,59.5,124.5,28.0,158.0,98.0,191.5,198.0,47.5,71.0
78.0,80.0,220.5,154.5,482.5,198.0,85.5,209.5,178.5,376.5,285.0,226.5,235.0,215.5,222.5,558.0,254.0,65.5,208.5,111.5,254.5,103.0,326.0,128.0,156.0,231.5,143.0,79.0,48.0,98.0,88.0,45.0,88.5,264.0,72.0,58.5,84.0,96.5,124.5,144.0,58.0,104.0,128.5,143.0,125.0,128.0,209.0,158.5,170.0,168.5,104.5,109.5,119.0,204.0,185.0,206.0,186.5,184.0,180.0,109.0,127.5,113.0,124.5,72.0,69.5,51.5,100.5,72.0,129.5,129.0,66.0,60.5,105.5,45.5,115.0,135.0,129.5,226.5,50.0,32.0
61.0,83.5,213.5,172.5,455.0,201.5,69.5,217.0,192.5,363.5,319.5,214.5,281.5,194.5,229.0,611.5,260.5,63.0,179.0,125.5,222.5,84.5,233.5,104.5,216.5,217.0,68.5,118.0,35.0,120.5,90.0,32.0,130.5,241.0,62.0,32.5,56.0,78.0,128.5,137.0,59.0,100.5,179.5,102.5,97.5,164.0,245.0,149.5,99.5,149.5,108.5,187.5,143.0,178.5,191.5,220.0,194.5,175.0,168.0,116.5,125.0,118.0,133.0,66.0,60.0,57.5,93.0,76.5,122.0,125.0,52.5,44.0,111.5,34.0,139.0,142.0,176.5,207.0,46.0,49.5
65.5,97.0,250.5,141.5,464.0,180.0,85.0,236.5,208.0,358.5,267.5,221.0,270.5,241.0,194.5,528.0,280.5,53.0,196.5,109.0,254.5,56.5,321.0,145.5,155.0,135.5,110.5,119.5,59.0,75.0,68.0,40.5,78.0,150.5,57.5,42.0,40.0,77.5,102.0,107.5,46.5,106.5,127.0,137.5,115.5,153.0,211.0,144.0,127.0,130.5,104.0,163.5,103.5,157.5,184.5,217.5,180.0,160.5,186.5,110.0,127.5,160.5,129.0,63.0,68.0,47.5,58.5,76.0,124.0,117.0,47.0,41.5,111.0,24.5,128.0,142.5,158.0,190.5,43.5,55.0
66.5,78.5,216.0,157.0,380.0,164.0,67.5,165.5,183.0,351.0,277.5,235.5,214.0,182.0,185.0,427.5,224.0,56.5,164.5,148.5,203.5,84.0,255.0,78.0,178.5,161.0,71.5,74.5,28.5,103.5,69.0,16.5,99.0,242.5,44.0,31.5,47.0,80.5,106.5,154.0,38.5,93.5,144.0,114.0,95.5,91.0,220.5,123.5,105.5,128.5,93.0,92.0,91.5,172.0,166.5,157.0,182.0,166.5,135.5,108.5,114.0,94.0,130.0,73.0,65.0,46.5,49.0,60.5,88.5,116.5,57.0,38.5,89.5,28.5,99.0,150.5,232.5,193.5,38.5,47.0
49.0,63.5,162.5,113.0,282.0,140.0,64.0,216.0,167.0,287.5,191.0,298.5,200.0,159.5,200.5,334.0,196.5,58.0,126.0,121.0,180.5,56.5,197.5,120.5,146.5,103.0,88.5,87.0,49.5,73.5,50.5,37.0,82.5,130.0,51.0,38.0,51.0,77.0,111.5,107.5,46.5,95.0,122.5,129.5,86.0,104.0,194.5,92.0,92.5,97.5,101.0,104.0,88.5,143.5,138.5,130.5,173.5,109.5,131.5,84.0,97.5,107.5,92.0,46.0,57.5,45.5,64.5,59.0,85.5,93.0,43.5,32.5,67.5,20.5,94.0,191.5,139.0,158.0,46.5,37.0
49.0,65.5,157.5,111.5,272.0,113.0,48.0,135.5,186.5,496.0,257.0,209.5,147.5,150.0,170.5,507.0,189.0,48.5,114.5,102.5,207.5,69.0,265.0,101.0,103.0,118.5,81.5,60.0,36.0,58.0,55.0,27.0,60.0,170.5,37.5,37.5,49.0,82.0,84.5,114.0,34.0,78.0,104.5,112.5,50.0,103.5,185.0,81.0,58.5,106.5,55.5,86.5,80.5,106.0,123.5,100.0,162.0,99.5,126.0,73.0,87.5,75.0,104.0,49.0,49.5,31.5,54.0,43.0,85.0,72.5,30.0,35.5,61.0,19.5,66.5,69.5,194.5,162.0,35.5,37.5
46.0,50.0,109.0,94.5,253.0,82.0,50.5,95.0,183.5,234.5,180.5,207.5,158.5,141.0,193.0,389.0,172.0,50.5,121.0,82.5,160.5,62.5,167.0,64.0,100.5,115.0,57.5,82.5,18.5,80.5,61.0,15.0,92.5,151.0,33.0,29.5,34.0,40.5,58.0,68.0,28.5,65.0,75.5,102.5,61.0,71.5,131.5,78.0,60.5,84.0,52.0,105.0,68.0,116.0,106.5,117.5,107.0,127.0,102.0,53.0,90.5,64.0,72.5,53.0,27.0,27.5,49.0,40.0,56.0,70.0,39.0,25.0,69.5,13.0,59.5,55.5,97.0,125.5,37.0,33.5
35.5,40.0,91.0,71.5,180.0,67.5,38.0,125.5,81.0,154.0,119.0,97.0,110.0,111.0,141.5,264.5,174.5,46.0,99.0,111.0,167.5,38.0,102.5,77.0,88.5,50.0,52.0,80.5,35.5,55.5,29.5,33.5,73.5,90.0,22.5,25.5,28.5,44.5,43.5,39.0,31.0,50.5,84.0,85.0,44.5,77.5,115.0,38.5,47.5,55.5,44.5,60.5,52.0,58.5,94.5,66.5,121.5,72.5,100.5,61.5,53.0,73.0,62.0,21.5,37.5,23.5,40.5,26.0,39.5,59.5,16.5,25.5,50.5,14.0,41.0,20.5,69.5,74.0,35.0,29.0
25.0,36.5,46.5,60.0,98.5,48.5,34.5,51.0,66.5,88.5,90.0,71.5,83.0,79.0,92.5,107.5,108.0,26.5,54.5,56.0,115.5,42.5,121.0,64.5,40.0,59.0,41.0,30.5,33.0,57.0,38.5,27.0,21.5,81.0,15.5,16.0,26.0,28.0,31.0,49.5,17.5,52.0,52.0,40.5,23.0,42.5,75.5,28.0,32.0,57.5,38.5,38.0,34.5,55.0,60.5,45.0,90.0,61.5,60.5,35.5,51.5,40.0,53.5,24.5,30.5,22.0,37.0,30.5,53.5,58.5,23.0,12.0,31.0,8.5,29.0,17.5,33.0,65.0,17.0,17.5
20.0,19.0,40.0,17.0,48.0,31.0,19.0,27.0,38.0,43.5,39.0,43.0,62.5,44.5,65.0,101.5,66.0,25.5,37.0,33.0,50.5,16.5,36.5,12.0,34.5,20.0,16.5,38.0,12.5,32.0,13.0,8.0,47.5,84.0,15.5,14.0,10.0,25.0,16.0,22.5,16.0,15.5,31.5,39.5,20.0,27.0,41.0,26.5,28.0,25.5,25.0,21.5,29.5,29.0,41.0,32.5,63.5,26.5,24.0,22.0,33.5,23.5,25.0,32.5,15.0,11.5,15.5,19.0,29.0,27.0,5.0,9.0,19.0,7.5,18.5,9.5,28.5,28.0,6.0,7.5
10.0,12.0,22.0,25.5,26.5,15.0,9.5,11.5,16.5,12.5,22.5,13.5,18.5,15.0,21.0,18.0,35.0,9.0,15.0,20.5,55.0,12.0,37.0,17.0,20.5,17.0,17.0,10.0,5.5,17.5,11.5,5.0,15.5,29.0,7.0,5.5,16.0,23.5,25.5,11.0,9.5,17.5,13.0,12.0,7.5,24.0,19.0,6.5,18.5,16.5,8.5,11.0,9.0,19.0,23.0,19.5,25.0,29.0,22.5,10.5,14.0,30.0,26.5,11.5,10.5,6.0,17.5,11.0,8.0,13.0,3.0,4.0,4.5,0.5,0.5,0.5,3.5,12.0,6.0,4.5
3.5,7.5,15.0,8.0,17.5,15.0,2.5,2.5,4.0,0.5,4.0,1.0,0.0,0.0,0.0,3.5,18.0,6.5,3.0,7.5,20.0,9.0,24.5,15.0,11.0,13.0,16.0,24.0,6.0,1.5,8.0,2.5,12.5,21.5,8.0,8.0,9.0,9.0,13.5,9.0,3.0,8.0,14.0,17.0,3.5,5.0,5.0,0.0,0.5,0.0,0.5,1.0,1.5,3.5,8.5,10.0,31.0,9.0,17.5,15.0,21.0,6.0,11.5,14.0,5.0,2.0,10.5,0.5,1.0,0.0,0.0,0.0,0.0,0.0,0.0,0.0,0.5,0.0,1.0,3.5
4.5,1.5,2.5,0.0,10.5,1.5,0.5,0.0,0.0,1.5,5.5,0.0,0.0,1.0,0.0,12.5,1.0,0.0,0.0,0.5,2.0,1.0,0.5,0.5,4.0,4.0,6.0,10.0,1.0,2.5,0.0,0.5,0.0,15.5,4.5,2.0,3.0,4.0,2.5,3.0,1.0,0.0,1.0,0.0,0.0,2.0,0.0,0.0,1.5,0.0,1.0,0.0,0.0,0.0,1.0,1.0,0.0,0.0,0.5,0.0,0.0,0.5,0.0,5.5,4.5,8.5,4.5,0.5,2.0,0.0,2.0,0.0,0.0,0.0,0.0,0.0,1.0,0.0,0.0,1.5
23.0,9.0,13.5,15.0,14.5,5.5,9.5,63.0,4.0,6.5,18.5,7.0,7.0,7.5,13.0,154.0,15.0,3.0,14.0,7.0,18.0,7.5,30.0,10.5,19.5,25.5,32.0,38.0,4.0,11.0,13.5,6.5,18.5,67.0,20.5,4.5,12.0,20.5,6.5,9.5,13.5,8.5,16.0,9.0,5.5,4.5,6.0,1.0,4.5,4.5,4.0,8.5,3.0,4.5,9.5,7.0,9.0,8.5,10.0,7.0,13.0,10.0,10.0,12.5,15.5,20.5,29.5,9.5,21.5,5.5,3.5,2.0,3.5,2.0,2.0,0.5,0.0,3.5,2.5,2.0
16.5,15.0,26.5,27.5,35.0,19.5,21.5,204.5,20.0,15.0,27.0,35.5,27.0,25.0,47.0,79.5,24.0,16.0,48.5,24.5,53.5,17.5,66.0,39.5,39.5,28.5,52.5,53.0,22.5,48.0,50.5,18.5,21.5,94.5,30.0,19.0,18.5,21.5,13.0,14.0,15.5,17.5,25.0,14.5,19.0,20.0,14.0,6.0,12.0,13.0,9.0,7.0,10.5,13.5,17.5,24.0,37.0,15.5,15.0,20.0,35.5,28.5,30.0,28.5,29.5,28.5,24.0,21.5,18.5,20.5,11.0,13.0,16.5,5.0,5.5,2.5,6.0,16.0,3.0,4.0
47.0,18.0,67.5,44.0,54.5,36.5,37.0,119.5,27.0,63.0,37.0,59.5,58.5,62.0,74.5,264.5,91.0,28.0,70.5,51.5,102.5,23.0,69.0,43.0,64.5,86.5,62.0,61.0,27.5,67.0,50.0,24.0,45.0,152.5,49.0,23.0,34.5,40.5,29.0,28.0,27.5,26.5,33.5,25.0,16.0,20.0,37.5,13.0,26.0,25.5,26.0,15.5,21.5,27.0,31.5,38.5,45.5,45.5,29.0,24.0,45.0,52.5,50.5,30.5,63.0,58.5,33.0,36.0,36.0,28.5,20.5,15.5,21.5,15.5,12.0,9.0,10.5,22.0,21.0,9.0
99.5,42.5,89.5,91.0,102.5,76.0,56.0,120.0,61.0,98.0,78.0,119.5,110.5,127.0,113.0,717.0,107.5,37.0,104.0,58.0,169.5,25.0,99.0,59.5,103.0,88.0,100.0,104.0,63.5,83.5,74.5,65.5,84.0,280.0,77.5,39.0,62.0,65.0,44.5,45.5,33.0,40.5,75.5,47.5,25.5,35.5,66.0,39.0,45.0,63.5,56.0,33.0,50.5,49.5,48.0,58.0,84.5,62.0,49.0,34.0,87.0,86.5,80.0,53.0,74.0,82.5,53.0,50.0,60.0,42.0,49.5,21.0,50.0,10.5,36.0,22.5,15.0,41.5,36.5,16.0
122.5,67.5,141.5,145.5,145.5,116.0,114.0,227.0,82.5,173.5,101.0,128.0,140.0,160.0,163.0,796.0,219.0,64.5,152.5,72.0,216.0,56.0,173.5,113.5,178.5,138.0,123.0,144.5,86.5,122.5,100.0,73.5,119.5,357.5,116.5,56.5,100.5,95.0,66.0,65.5,59.5,73.5,90.5,69.0,30.5,51.0,93.0,74.0,82.5,145.0,78.5,66.5,76.5,115.5,94.5,124.5,143.5,114.0,92.5,67.0,117.5,120.0,155.5,84.5,102.5,111.5,71.5,84.0,98.0,59.5,60.5,48.5,68.5,20.0,38.5,24.0,39.5,73.0,41.0,29.0
162.0,89.0,170.0,202.0,198.0,163.0,133.0,478.5,149.0,260.0,173.0,206.5,238.0,244.5,283.5,906.5,294.0,78.0,249.5,108.5,330.0,91.0,243.0,137.5,277.0,214.5,186.0,186.5,117.5,148.5,137.0,98.0,170.5,590.5,186.0,94.0,120.5,166.5,94.0,99.5,90.5,102.5,164.5,115.0,55.0,66.5,135.5,123.5,116.5,254.0,106.5,100.5,126.5,192.5,172.5,167.0,212.5,168.5,159.0,101.5,155.5,162.5,212.5,102.5,152.5,161.0,105.5,117.0,201.5,96.5,75.5,67.0,95.0,27.5,49.5,40.5,27.0,121.5,53.5,42.0
247.5,149.0,314.0,307.0,388.5,286.5,176.5,429.0,235.5,399.0,266.5,243.5,409.5,383.5,430.5,1249.0,485.5,144.5,322.0,141.0,415.0,118.0,336.5,218.5,430.0,348.0,290.0,350.5,149.0,204.0,219.0,150.5,235.5,691.5,239.5,149.0,169.0,204.0,150.0,134.5,114.0,144.0,223.0,194.0,79.5,125.0,204.5,200.5,168.0,267.0,162.0,130.0,249.5,318.5,249.0,271.0,297.0,291.5,254.0,157.5,274.5,269.5,281.5,151.5,253.0,191.0,165.0,122.0,211.5,137.5,106.5,95.0,157.5,49.0,101.0,58.5,52.0,152.5,77.5,78.5
276.0,213.0,460.0,401.5,668.0,481.5,219.0,644.5,329.0,766.5,390.5,432.0,526.5,558.0,596.0,1643.5,717.0,174.0,481.5,203.5,643.5,246.5,586.0,279.5,508.0,403.5,326.0,390.0,160.0,254.0,292.0,188.0,286.5,739.0,334.5,183.0,235.5,335.5,193.5,234.0,203.5,294.0,369.0,304.5,134.0,186.5,320.0,276.0,263.5,347.5,251.5,160.5,390.0,501.5,362.5,468.0,559.0,443.0,373.0,249.0,409.5,419.0,436.0,226.5,243.5,271.0,246.0,153.0,246.0,226.0,140.5,128.0,259.5,81.5,227.0,122.0,136.5,246.0,119.5,109.5
390.0,293.5,675.0,598.0,994.5,628.0,278.0,815.5,498.5,852.0,600.5,581.5,753.5,757.0,806.5,1390.5,921.0,269.5,674.0,317.0,888.5,252.5,752.5,364.0,525.5,482.5,348.0,476.5,156.5,285.5,264.0,207.0,305.0,724.5,381.5,211.5,289.0,391.0,216.5,320.0,256.0,403.0,487.5,467.0,266.5,406.5,503.0,433.5,398.5,544.0,385.5,247.5,597.0,744.0,631.0,599.5,804.5,566.0,498.0,351.0,563.5,509.0,506.0,264.0,299.5,292.5,291.5,182.5,309.5,341.0,213.0,154.5,338.5,110.5,333.0,263.0,261.5,378.5,179.0,223.0
405.5,354.5,949.0,634.0,1591.0,837.0,315.5,890.5,712.5,739.0,774.0,843.0,1021.5,904.0,937.5,2291.5,1022.5,328.5,859.0,425.0,960.0,338.5,801.0,381.5,571.0,409.5,456.5,435.0,173.0,329.5,336.5,175.5,309.5,635.5,434.5,233.5,264.5,400.5,299.5,447.0,310.0,391.0,620.5,585.0,482.5,610.0,812.0,498.5,528.5,675.0,657.5,390.5,838.5,950.0,820.5,979.5,956.0,704.0,515.5,395.0,546.0,504.5,514.0,283.5,301.5,246.0,363.5,215.5,422.5,417.0,297.0,164.5,445.5,164.0,678.0,580.5,495.0,638.5,210.5,285.0
463.5,344.0,1014.0,594.5,2005.0,975.5,296.5,1183.5,849.0,850.0,890.5,1036.0,1265.5,1134.0,907.5,1999.0,1339.5,332.0,966.5,420.5,925.0,346.5,781.0,383.0,471.0,540.0,395.5,364.5,172.5,295.0,279.0,136.0,280.5,741.0,358.0,194.0,245.0,379.0,243.5,394.5,340.0,420.0,637.5,602.5,634.5,796.5,957.5,659.0,572.5,703.5,677.5,477.0,808.5,1094.0,811.5,941.0,849.5,625.0,602.5,423.0,580.5,474.5,430.5,266.0,287.5,255.0,310.5,205.0,456.5,507.5,309.5,160.5,661.0,136.0,1031.0,794.0,730.5,771.0,240.5,295.5
517.0,337.5,1177.5,635.0,2210.0,1025.0,310.5,975.5,684.5,920.0,670.5,801.5,1112.0,863.5,775.5,2070.0,1134.5,448.0,878.5,479.0,760.5,314.0,763.0,391.5,405.0,569.5,319.5,298.0,138.0,248.0,255.0,107.0,225.5,661.5,270.0,131.5,181.5,299.0,231.0,296.5,279.5,457.0,596.0,562.0,717.0,670.5,976.0,643.0,439.0,599.5,513.0,350.0,600.5,878.5,772.0,944.0,575.5,563.0,449.5,417.5,436.5,416.5,337.5,192.5,238.5,204.5,245.5,172.5,360.0,507.0,293.0,124.5,684.5,117.0,1121.5,863.5,758.5,675.0,233.5,328.5
397.0,228.0,842.5,487.5,1791.0,927.5,258.0,794.0,596.5,882.0,569.0,683.5,924.5,814.0,646.5,2441.5,843.5,337.5,839.0,420.5,617.5,253.0,507.0,226.0,288.5,518.5,228.5,140.5,99.0,194.5,193.5,80.5,164.5,544.0,195.5,78.5,106.0,213.5,192.0,288.5,220.5,340.5,479.0,356.0,811.5,694.0,929.5,752.0,367.0,454.5,349.0,336.5,494.0,739.5,617.0,843.0,501.0,379.5,502.5,371.0,355.5,315.0,317.5,152.5,190.5,168.5,154.5,132.0,370.5,404.0,269.0,108.5,661.5,98.0,981.5,850.0,891.5,652.0,214.5,198.5
267.0,198.0,600.0,366.0,1441.0,617.5,190.5,764.5,506.5,949.0,543.0,597.0,626.5,608.0,463.0,1976.0,560.0,172.0,459.0,190.0,538.5,164.0,276.5,194.0,260.0,209.5,135.5,135.0,85.5,147.5,111.0,76.0,140.0,337.5,108.5,60.0,92.5,178.5,121.5,214.5,146.0,234.0,279.0,205.5,349.5,333.5,481.0,514.5,224.5,309.5,294.0,263.0,306.5,401.5,461.0,591.0,405.0,334.5,499.0,257.0,241.0,233.0,234.0,108.0,143.0,137.5,114.5,98.5,251.0,225.0,187.0,78.0,385.0,58.0,570.5,493.5,563.5,368.0,185.5,99.0
184.0,124.5,367.0,229.0,1185.0,501.0,189.0,758.0,450.0,798.0,436.0,512.0,498.0,446.0,360.0,1718.0,381.5,112.5,307.0,168.0,449.0,122.0,308.0,162.0,232.5,255.0,133.0,115.5,58.0,121.5,120.5,75.5,102.0,445.0,132.0,54.5,78.0,147.5,109.0,169.5,109.0,185.5,208.5,141.0,302.5,187.0,432.0,401.0,198.5,288.5,221.5,253.0,354.0,333.5,419.0,617.5,308.5,271.5,344.5,223.0,201.0,187.5,207.5,83.5,144.0,129.5,80.0,66.5,181.5,197.0,173.5,64.5,251.0,52.5,369.0,292.5,390.5,283.5,133.5,70.0
155.0,84.0,265.0,180.5,686.5,383.5,158.5,669.0,385.5,855.5,448.0,394.0,424.0,320.0,301.0,1884.5,348.0,83.5,303.0,140.5,405.0,125.5,224.5,137.0,209.5,164.5,95.0,107.5,50.5,125.5,90.0,66.5,115.0,325.5,113.5,47.0,75.0,148.0,114.5,147.5,100.0,135.0,184.5,130.0,191.0,182.5,289.0,376.0,176.0,263.0,216.0,199.0,303.5,288.5,282.0,357.0,241.5,257.5,254.5,165.0,151.5,160.0,156.5,68.5,117.0,117.0,62.5,57.0,125.0,132.0,96.5,51.5,202.0,52.5,278.5,244.5,273.5,231.5,91.5,56.0
165.5,73.5,213.0,159.0,423.0,295.5,143.0,631.0,325.5,882.0,377.0,358.5,331.5,334.0,251.5,1467.5,252.5,66.0,197.5,118.0,407.0,92.0,190.5,103.5,182.0,193.5,119.5,80.5,52.0,125.0,110.5,46.0,101.5,348.5,104.0,49.5,67.0,132.0,121.0,160.5,61.5,130.5,147.5,101.0,141.0,127.5,274.5,308.5,158.0,201.0,195.5,213.0,249.5,228.5,222.5,327.0,222.5,188.5,179.5,139.5,155.5,137.0,123.0,52.0,101.0,91.5,70.5,53.0,119.0,134.0,109.5,47.0,154.0,42.5,182.5,207.5,199.5,179.5,87.5,48.5
143.0,61.0,159.0,121.0,346.0,260.5,151.5,541.5,302.0,674.5,355.0,321.0,340.5,247.0,238.5,1546.5,236.0,69.5,151.0,114.0,363.5,66.5,177.5,82.0,199.5,180.0,97.5,80.5,49.5,120.0,95.0,61.5,81.0,339.0,74.0,39.5,49.0,154.0,108.0,151.0,134.0,114.5,124.5,107.5,90.0,118.0,187.5,259.0,142.0,201.0,177.5,145.0,214.5,213.5,168.5,270.5,181.5,158.5,165.0,91.5,148.0,120.5,119.0,51.5,89.0,80.0,57.0,48.0,97.5,103.0,71.0,40.0,124.5,32.5,160.0,195.5,142.5,175.0,82.5,41.0
149.0,53.5,177.5,95.0,385.5,226.5,146.5,569.0,281.0,663.5,318.0,293.0,298.0,243.5,211.0,1329.0,207.0,65.0,127.5,99.5,314.5,69.5,167.0,93.5,197.5,156.5,100.0,84.0,44.0,111.0,78.5,43.5,89.0,298.0,85.0,37.5,74.5,131.0,119.5,137.5,87.5,109.5,136.0,87.0,85.5,91.0,195.0,251.0,141.5,174.0,187.5,144.5,215.0,175.5,140.5,211.0,161.5,133.5,132.0,100.0,100.5,105.0,109.5,40.0,94.5,81.0,59.0,48.0,99.0,85.5,72.5,31.5,125.5,33.5,134.0,200.0,122.0,156.0,75.5,37.0
139.0,60.5,140.0,85.5,289.0,236.0,145.5,540.5,282.0,785.5,332.0,362.5,275.0,291.5,219.5,1535.0,211.0,56.5,132.0,80.0,288.5,52.0,135.5,81.0,194.0,160.0,69.0,72.5,36.5,126.0,70.0,46.0,76.5,279.0,102.0,35.5,81.0,138.0,142.5,151.5,81.5,95.0,121.5,79.5,92.5,116.5,167.0,246.5,108.5,178.5,155.5,124.5,184.5,171.0,164.5,180.0,147.0,122.5,135.5,89.0,99.0,102.5,99.0,44.5,88.5,89.5,49.0,56.0,98.5,86.5,75.0,35.5,116.0,33.0,120.5,164.5,132.5,139.5,61.5,42.0
125.0,52.0,136.0,87.0,281.0,213.0,127.5,583.0,265.0,685.5,329.5,320.0,277.5,230.0,211.0,1437.5,186.5,70.5,127.5,93.5,280.5,52.0,192.5,96.5,175.0,135.0,103.0,83.0,46.0,113.5,80.5,42.5,59.5,225.0,81.0,27.0,59.0,119.0,139.0,151.0,85.0,98.0,115.5,76.0,80.0,94.5,181.0,224.5,113.0,170.0,155.5,142.5,205.5,164.0,125.0,175.5,141.0,111.5,112.5,91.5,93.0,104.0,95.5,49.5,107.5,77.5,47.5,41.0,74.0,84.0,70.5,36.0,110.0,31.0,126.5,169.0,131.0,165.5,76.5,50.0
118.5,47.5,138.0,84.0,317.0,204.0,139.0,553.5,271.0,679.0,337.0,352.5,260.0,251.5,156.0,1434.0,195.5,59.5,117.5,83.5,281.0,70.5,127.5,87.0,230.0,177.0,62.0,67.0,31.0,130.0,89.0,34.0,71.0,332.0,104.0,27.0,63.0,113.5,127.0,124.0,64.5,87.5,133.0,59.0,84.0,86.0,172.0,224.0,134.0,165.5,158.0,142.5,187.5,184.0,127.5,174.5,127.5,131.0,99.0,95.5,102.0,102.0,116.5,37.0,70.0,71.5,52.5,43.5,101.5,79.5,68.5,45.0,104.5,30.5,120.5,146.5,110.5,153.5,63.0,33.5
90.0,58.0,124.0,88.5,302.5,212.0,117.5,543.0,257.5,716.0,345.0,291.5,235.0,219.5,196.0,1426.0,158.0,59.0,114.0,100.5,277.5,53.0,170.5,90.5,227.0,154.0,86.5,73.5,47.0,126.0,67.5,33.5,64.5,222.0,74.5,37.0,53.0,108.5,108.5,133.0,74.5,82.0,113.5,77.5,73.5,69.5,197.0,215.0,122.0,162.0,168.0,138.5,202.5,174.5,118.0,177.0,125.5,121.5,133.0,81.5,88.0,102.0,105.0,43.0,72.0,55.0,50.5,46.0,86.5,90.0,57.5,36.0,110.0,33.0,110.5,166.0,112.0,153.5,67.0,38.5
130.0,51.5,124.5,94.5,274.0,230.5,128.5,483.0,287.0,647.5,350.0,327.0,268.0,230.0,196.0,1488.0,227.5,88.5,105.5,92.5,290.0,58.0,207.0,95.0,200.0,182.0,95.5,52.5,37.5,101.5,87.0,37.5,74.0,258.0,65.0,32.5,57.0,109.0,99.0,114.0,61.5,75.5,99.5,62.0,82.0,103.0,177.5,250.0,119.0,166.5,145.0,144.0,162.0,185.0,131.0,170.5,116.5,93.0,129.5,111.5,99.5,97.5,100.5,52.5,88.5,77.5,49.5,52.0,79.0,94.5,65.0,35.5,114.0,34.5,120.5,157.5,129.0,141.0,74.5,32.5
117.5,54.5,153.5,84.5,287.5,225.0,145.5,492.5,300.0,717.0,369.5,276.0,273.0,249.0,194.5,1296.0,200.5,70.0,128.5,97.5,331.0,71.5,181.0,88.5,284.5,205.5,89.0,84.0,38.0,139.5,79.5,44.5,78.5,298.0,70.0,42.5,56.0,124.0,135.0,125.0,59.5,109.5,96.5,87.0,81.0,96.0,185.0,220.5,104.5,188.5,148.5,176.0,182.5,195.0,122.0,164.5,122.0,131.5,158.5,94.0,109.5,107.5,117.5,44.5,92.0,64.0,61.5,55.5,95.5,85.0,61.5,32.0,106.0,43.5,133.0,151.5,148.0,167.0,61.0,30.5
145.0,70.5,158.0,115.5,299.5,239.0,122.0,474.0,296.0,653.5,373.0,315.0,259.0,208.0,193.5,1582.5,185.0,73.0,132.5,108.5,317.0,45.5,220.0,130.5,261.0,180.5,113.0,79.5,45.0,147.0,84.0,37.5,84.0,263.5,63.0,33.5,77.0,132.5,114.5,148.5,77.0,109.0,109.0,88.5,106.5,100.5,178.0,211.0,131.5,151.0,147.5,137.5,192.5,180.5,137.5,179.0,134.0,117.5,122.0,108.0,122.0,100.5,134.0,49.0,98.5,71.0,71.5,67.5,117.0,92.5,77.5,34.0,96.0,27.0,111.5,151.0,146.5,151.0,87.0,33.0
137.0,55.5,176.5,119.5,322.0,215.0,152.0,414.0,300.5,683.5,375.0,300.0,299.5,249.5,236.0,1396.0,184.5,68.5,127.5,109.5,327.0,67.5,256.0,113.5,228.5,196.5,95.5,69.0,39.5,104.5,85.0,55.0,72.0,294.0,81.5,31.0,51.0,120.5,150.0,142.0,80.5,109.0,131.5,67.5,83.5,107.5,212.5,248.0,123.0,160.5,148.5,144.0,174.5,160.5,142.0,170.0,131.5,139.0,145.0,109.0,122.5,102.5,124.0,47.5,94.0,56.0,61.0,63.0,111.0,80.5,62.5,35.0,97.0,33.5,117.0,151.0,140.0,153.0,83.5,35.5
147.0,71.5,162.0,123.0,341.5,226.0,130.5,586.0,309.0,688.5,346.5,360.0,248.0,276.0,217.5,1728.0,196.5,68.0,153.0,109.5,323.0,73.5,222.5,88.0,267.5,208.5,98.5,102.0,38.5,124.0,97.5,39.0,86.5,313.5,84.0,36.5,63.0,113.5,136.5,146.5,64.5,98.0,131.0,79.0,90.0,117.5,187.5,235.5,149.0,160.5,154.0,134.5,184.0,172.0,160.5,186.0,145.5,132.0,153.0,121.5,126.0,115.0,128.0,58.0,106.0,90.5,62.0,69.0,119.5,103.0,63.5,33.5,117.5,31.5,125.5,150.5,143.0,191.5,85.5,40.0
144.0,59.0,145.0,127.0,300.5,201.0,135.5,596.0,281.0,800.0,387.0,333.5,296.0,262.0,220.0,1545.5,203.0,73.0,133.0,116.0,342.5,53.5,229.0,96.0,266.0,168.5,100.0,86.5,38.5,143.0,93.0,55.0,78.0,249.0,75.5,41.0,71.5,112.5,148.0,150.0,73.5,115.5,106.0,77.5,102.0,126.5,213.5,236.5,146.5,185.0,170.5,124.5,179.0,186.5,160.5,180.5,160.0,123.5,164.5,121.5,123.5,110.5,121.0,33.5,109.0,66.0,50.5,57.0,113.5,104.0,65.0,49.0,105.0,26.5,125.5,157.5,155.0,145.0,73.0,31.0
131.5,50.5,171.0,107.0,352.0,215.0,139.5,528.5,328.5,807.5,424.5,294.5,318.5,260.0,212.5,1540.5,207.5,66.0,127.0,122.0,334.0,74.0,301.0,105.0,212.0,238.5,95.0,71.5,31.5,104.0,88.0,61.5,60.5,318.5,107.0,38.0,71.5,138.0,119.5,139.0,69.0,91.5,129.5,98.5,93.5,130.0,219.5,262.0,147.0,180.5,190.0,179.0,198.5,195.0,143.0,190.5,144.0,131.0,138.0,120.0,107.0,118.0,89.5,42.0,112.5,88.5,59.5,63.0,96.0,107.5,62.5,39.5,111.0,37.0,127.0,175.0,131.0,168.0,100.5,41.0
154.5,55.5,170.5,106.0,423.5,246.5,127.5,515.5,303.5,748.0,425.0,354.0,253.5,293.5,203.5,1500.0,193.5,65.5,133.5,89.0,318.5,70.5,256.5,90.5,283.5,212.5,74.0,82.5,26.5,128.5,83.5,35.5,103.5,315.0,72.0,37.5,58.5,155.0,130.0,151.0,66.0,118.0,142.0,78.5,108.5,114.0,226.0,252.0,174.5,160.5,177.5,149.0,193.0,213.0,167.0,203.5,169.0,158.0,137.5,107.0,108.0,110.0,109.0,51.5,84.5,57.0,65.0,65.5,119.0,102.0,71.5,36.5,109.0,43.5,146.5,207.5,161.0,174.5,85.0,42.5
131.5,47.0,138.0,107.5,312.5,270.5,142.5,514.0,359.0,878.0,413.5,374.0,284.0,254.0,212.5,1461.0,190.0,75.0,124.5,89.5,293.0,56.5,270.5,124.5,234.5,161.0,92.5,77.5,28.5,130.0,94.0,45.5,83.0,242.5,73.0,43.0,58.5,120.5,174.0,136.5,82.0,105.5,112.0,80.5,134.0,118.5,228.0,259.0,151.5,171.0,176.5,130.5,182.0,199.5,153.5,189.5,153.0,124.0,152.0,116.0,112.0,107.5,105.0,37.5,96.0,85.5,66.5,58.0,106.5,97.0,68.0,44.0,111.5,35.0,141.0,197.5,161.5,153.5,85.0,37.5
132.0,42.5,123.0,91.5,305.5,254.5,135.0,585.0,370.0,783.0,413.5,363.5,304.5,257.0,198.0,1383.0,170.0,95.0,141.5,105.0,328.5,59.0,262.0,98.0,218.0,205.0,92.5,59.5,38.0,99.5,99.0,48.5,80.0,307.0,74.0,32.5,64.5,115.5,136.0,166.0,87.0,105.0,132.5,83.5,126.5,111.0,195.0,261.5,122.0,188.5,187.0,185.0,226.0,187.5,160.0,189.5,131.5,125.5,130.5,116.5,90.0,88.0,111.5,38.5,75.5,78.5,56.5,44.0,102.0,93.5,69.5,34.5,106.5,35.0,147.5,245.0,168.5,192.0,96.0,51.5
117.0,47.5,152.5,88.0,347.0,274.5,137.5,493.0,339.0,837.0,370.5,349.5,255.0,225.5,219.0,1375.0,184.0,92.5,144.5,94.5,322.0,66.0,197.0,77.0,276.0,203.5,69.5,75.0,29.0,124.0,89.5,28.0,96.5,305.0,93.0,40.0,69.5,134.0,140.5,151.5,71.5,112.5,138.5,77.5,106.0,115.5,209.5,266.0,126.0,173.5,148.5,163.5,206.5,170.0,139.5,202.5,144.5,136.5,166.5,110.0,103.0,105.0,104.5,29.5,98.0,74.5,62.0,70.0,95.0,104.5,60.5,41.0,107.0,38.0,141.5,226.0,117.0,175.5,92.0,44.5
131.5,61.0,155.0,110.5,288.5,248.0,140.0,649.0,310.0,853.5,361.0,326.0,298.0,246.0,183.5,1298.0,212.0,63.5,137.0,105.5,338.0,56.0,217.5,98.5,241.5,150.5,97.0,75.5,53.0,146.5,96.5,56.0,76.5,199.5,61.5,38.0,70.0,117.0,153.5,148.5,59.5,113.0,133.5,86.0,104.0,107.0,181.0,261.0,108.0,164.0,146.0,162.0,195.0,185.5,127.0,182.0,143.5,131.0,131.5,95.5,120.0,119.0,121.5,43.5,96.0,57.5,60.0,53.5,100.0,92.0,68.0,31.0,119.0,41.5,140.5,223.5,144.5,134.0,71.0,35.5
121.5,59.5,135.5,100.0,319.0,217.0,167.0,551.5,310.0,829.0,408.5,326.0,276.5,232.5,234.0,1247.0,197.0,69.0,136.5,139.5,302.5,58.0,242.0,105.0,220.0,183.0,98.0,64.5,38.5,106.0,103.5,46.5,66.5,344.0,94.0,40.5,55.5,130.5,177.0,159.0,66.5,102.0,122.0,74.0,101.0,100.5,197.0,241.5,138.5,171.5,162.5,147.0,181.5,188.0,156.0,177.0,154.5,131.5,155.5,104.0,107.0,108.5,122.5,33.5,102.0,65.0,61.0,49.5,92.0,94.5,77.0,35.5,107.5,40.5,135.0,194.5,128.5,166.0,98.0,36.5
140.0,50.0,165.5,110.0,325.5,214.5,148.5,583.0,335.5,852.5,351.5,367.0,271.0,213.5,205.5,1187.0,186.5,67.0,132.0,96.5,357.5,53.5,181.0,81.5,266.5,208.5,78.5,76.5,30.0,134.0,81.0,37.0,81.0,333.5,91.0,41.5,69.5,140.0,144.0,161.0,67.5,108.0,139.0,79.0,89.0,100.0,212.0,259.0,124.5,169.5,148.0,149.0,201.0,174.5,141.5,187.0,154.0,143.0,117.5,92.5,124.0,108.5,109.5,36.0,110.5,76.0,61.0,58.0,108.5,89.0,56.0,35.0,108.5,37.0,138.0,189.0,124.0,162.0,76.0,38.0
143.5,55.0,125.5,89.5,301.5,281.0,139.5,519.0,311.5,793.0,392.0,347.5,323.0,248.0,226.5,1496.5,205.5,68.5,134.0,112.5,331.0,47.0,215.0,107.0,239.5,163.0,105.0,83.0,41.0,143.5,73.0,47.5,85.5,214.5,68.0,28.0,65.0,148.5,151.5,157.0,61.5,112.0,133.5,81.5,103.0,116.0,200.5,245.5,147.5,194.0,177.5,152.0,191.0,190.0,152.0,177.0,125.5,113.5,171.5,89.5,104.0,93.0,108.0,45.5,94.5,64.5,65.5,61.0,127.5,88.5,63.5,37.0,121.5,41.0,129.0,191.5,126.5,160.5,77.5,34.0
113.5,56.0,148.5,103.5,323.0,239.5,157.5,482.5,358.0,821.5,412.0,352.5,296.5,256.5,215.5,1584.5,196.5,91.5,150.5,102.5,326.5,56.0,231.5,109.5,237.0,216.5,158.5,60.5,47.5,129.5,94.0,43.0,74.0,299.5,103.5,45.5,61.0,130.5,141.5,165.5,82.0,100.0,127.0,82.5,88.5,98.0,235.0,265.0,193.0,190.0,212.5,264.5,199.0,187.5,143.5,188.0,144.5,124.0,133.0,120.0,133.0,95.0,119.0,39.5,108.0,68.5,66.0,70.5,108.5,89.5,70.5,49.0,129.0,42.0,122.0,222.5,138.0,157.0,73.0,46.5
141.0,46.0,175.5,101.5,371.0,268.0,156.5,564.0,361.5,838.0,405.0,393.0,284.5,298.5,223.0,1550.0,212.5,74.5,153.5,84.5,316.0,64.0,223.0,90.5,280.0,215.5,128.0,86.0,52.0,167.0,85.5,35.0,86.5,305.5,105.5,57.0,79.0,147.0,151.0,151.0,86.0,114.0,133.0,81.0,79.5,114.0,239.0,263.0,166.0,164.0,183.0,175.0,199.5,194.0,174.5,193.0,162.0,131.5,159.0,107.5,144.5,120.0,125.5,43.5,100.0,70.0,56.0,85.0,134.0,92.0,75.0,59.0,119.0,45.5,126.5,219.5,143.0,191.5,73.0,47.5
117.0,63.0,166.0,132.5,334.5,265.5,176.5,503.0,325.0,942.5,385.0,410.5,307.0,268.5,225.0,1671.0,218.0,90.5,162.0,123.0,361.0,52.5,261.5,120.5,308.5,148.5,158.0,96.5,50.0,139.0,108.0,50.5,96.0,206.0,103.0,50.0,102.0,130.5,144.0,163.5,91.0,111.5,158.0,83.5,117.0,91.0,247.5,216.5,155.5,191.0,185.5,164.5,180.5,263.0,181.0,193.5,140.5,157.5,145.0,114.0,153.0,127.0,152.5,57.5,104.5,76.0,60.5,66.0,121.0,93.0,87.0,47.0,142.5,52.0,120.5,194.0,138.5,199.0,75.0,46.5
131.0,64.0,163.5,138.0,312.5,326.5,165.0,525.0,377.5,882.0,427.0,374.5,318.0,284.5,248.0,1404.0,221.0,79.0,151.5,101.0,324.5,70.5,281.0,116.5,266.0,214.0,187.5,67.5,60.0,139.0,111.5,43.0,68.0,346.5,104.5,41.5,68.0,157.0,163.5,174.5,89.0,111.5,141.5,97.0,110.5,101.0,249.0,256.0,157.5,203.0,185.5,184.5,182.5,276.0,161.0,189.5,134.5,161.0,137.0,135.5,148.5,129.0,145.0,36.5,118.0,80.5,67.0,66.0,136.5,108.0,86.0,44.5,140.5,45.5,133.5,226.0,144.0,172.0,71.0,36.0
146.0,61.5,175.5,176.5,331.0,276.5,178.0,616.0,388.0,819.0,434.5,431.0,341.0,319.0,265.5,1504.5,251.5,88.0,176.0,105.0,355.5,75.0,214.0,99.0,357.5,236.0,144.5,103.0,44.5,168.0,125.5,34.0,100.5,311.5,79.5,51.0,77.5,153.0,172.5,178.5,87.0,117.5,153.0,86.0,119.0,103.5,236.5,231.5,167.0,308.5,191.0,153.5,209.0,248.5,166.5,233.0,173.0,152.0,185.5,118.5,151.5,124.5,143.5,61.0,100.0,77.5,81.0,72.5,131.0,102.5,74.0,57.0,171.0,69.5,138.5,166.5,144.5,213.5,77.5,46.5
172.5,69.5,215.0,160.0,418.5,368.5,198.5,576.5,391.0,840.5,432.0,462.0,338.5,335.5,282.0,1513.5,252.5,111.5,183.5,120.5,356.5,67.5,312.5,142.0,342.0,186.5,195.5,124.0,62.0,159.5,93.5,54.0,95.5,277.5,122.5,66.0,85.5,170.0,164.5,179.0,103.0,145.5,162.0,117.5,125.5,108.0,244.5,262.5,176.0,267.5,205.0,157.0,228.0,267.0,188.0,243.5,157.5,180.5,177.5,119.5,138.5,142.0,143.5,56.0,138.0,80.5,83.5,81.5,156.5,122.5,100.5,71.0,190.0,76.0,204.0,213.5,160.0,219.0,95.5,63.5
147.0,91.5,188.5,219.0,373.5,331.0,174.5,518.0,416.5,898.0,434.0,428.0,368.5,336.5,318.5,1355.5,353.0,146.0,222.0,127.0,351.5,91.0,347.5,133.5,281.0,287.0,210.5,92.5,73.0,143.0,119.5,55.5,103.0,403.5,153.0,69.5,102.0,164.5,156.5,230.0,130.0,145.0,188.0,119.5,127.0,127.5,275.5,282.0,199.0,284.5,219.0,178.0,248.5,298.5,216.5,273.0,156.5,177.5,157.5,151.0,155.0,136.0,167.5,60.5,151.5,92.5,64.5,99.0,187.5,157.0,116.0,64.5,191.5,63.0,174.5,197.5,163.5,232.0,91.0,55.0
193.0,75.0,282.0,187.5,610.0,479.5,224.0,752.0,550.5,1001.5,511.0,474.0,503.0,419.5,401.0,1325.5,337.5,164.5,318.0,177.5,469.5,111.5,304.0,128.0,351.5,294.0,144.0,151.0,96.5,175.0,134.0,42.5,136.0,410.5,130.0,92.0,112.5,217.5,230.0,276.5,173.0,277.0,280.5,147.5,278.0,229.0,357.5,378.0,256.5,328.0,272.5,270.0,359.5,428.0,254.0,307.0,204.5,214.0,216.5,194.0,194.0,155.5,182.5,69.0,149.5,85.5,82.5,117.0,209.0,146.0,171.0,88.5,252.5,77.5,436.0,377.0,345.5,305.5,134.0,76.5
219.5,111.5,378.0,286.0,872.5,642.5,248.0,791.0,607.0,1006.5,656.5,597.5,605.5,511.0,447.0,1545.0,427.5,124.5,419.5,199.5,445.0,100.0,406.5,154.0,381.0,241.0,211.5,182.5,124.5,214.5,120.0,83.0,185.0,359.5,185.5,117.0,151.5,337.0,265.5,350.0,178.0,283.5,294.5,197.0,271.0,280.0,470.0,418.5,329.0,419.5,399.0,319.5,457.0,513.0,390.5,447.0,291.5,253.0,265.5,226.0,256.5,203.0,207.5,68.0,152.0,105.5,130.5,99.0,279.0,204.5,176.5,116.5,267.0,116.5,458.0,411.5,363.5,476.0,168.5,94.0
290.5,138.0,402.0,305.0,984.0,759.5,277.0,719.5,697.0,998.0,729.5,718.0,729.5,609.5,559.5,1522.0,671.5,248.5,451.5,208.0,520.0,113.5,503.5,200.0,415.5,314.5,223.0,136.5,97.0,189.5,169.0,73.0,108.5,538.0,217.5,128.0,164.0,294.0,259.0,386.5,200.5,317.5,312.5,220.5,413.0,462.0,527.0,541.0,365.5,457.5,390.5,341.0,574.5,630.0,435.0,502.5,388.5,293.5,307.0,272.0,282.0,240.0,239.0,83.0,193.5,106.5,127.5,133.5,256.0,220.5,197.0,117.0,399.0,111.0,642.0,608.5,548.0,478.5,184.0,132.0
265.5,151.5,568.5,333.5,1303.0,795.5,300.5,758.0,744.5,989.0,752.0,732.0,866.5,694.0,610.0,1483.5,723.0,309.0,659.5,285.5,628.0,191.0,656.5,224.0,413.5,407.5,252.0,173.0,112.5,200.0,223.0,120.0,183.0,526.5,210.0,131.0,161.5,245.5,276.5,370.0,209.5,318.0,385.5,346.5,444.5,486.5,734.5,546.0,376.0,470.0,480.5,316.5,601.0,705.5,520.0,676.5,393.5,354.5,425.0,311.5,298.0,303.5,333.0,140.0,191.5,151.5,141.5,170.5,347.0,262.0,202.0,129.0,484.0,120.0,660.0,633.0,627.0,567.0,227.0,179.0
239.0,211.0,567.5,354.5,1189.0,721.5,263.0,632.5,583.5,973.5,692.0,753.5,823.0,702.0,610.5,1551.0,806.5,239.0,618.5,267.5,597.5,171.5,660.0,250.0,410.5,377.0,223.5,277.0,114.5,232.5,227.5,76.5,225.0,593.5,197.5,136.5,209.0,278.0,255.5,335.5,203.5,305.0,375.5,295.0,496.0,437.0,651.5,521.0,366.5,490.0,354.5,319.5,530.5,631.0,496.5,663.0,417.5,378.0,441.0,301.0,371.0,357.5,326.0,149.5,229.0,139.0,177.5,174.0,266.5,325.0,215.5,111.5,433.0,97.5,634.0,502.0,564.5,570.5,194.5,155.5
243.0,195.0,624.5,424.5,1248.0,587.5,192.5,534.0,469.5,826.0,538.5,684.0,665.5,646.5,561.0,1492.0,699.0,183.5,736.0,358.5,643.0,217.5,691.5,316.5,395.0,497.5,265.5,229.0,109.5,214.0,222.5,151.5,239.5,555.0,184.0,122.5,137.0,222.0,308.0,315.5,161.0,289.0,352.5,378.5,450.5,445.0,746.5,428.0,323.0,391.5,314.5,268.5,365.0,573.5,583.0,623.0,452.5,462.5,535.5,293.0,341.5,314.0,352.0,156.0,228.0,140.5,161.5,167.5,304.5,327.5,189.0,124.0,368.0,79.0,582.0,463.0,560.0,537.5,172.5,179.0
223.0,204.5,601.5,374.0,961.0,482.5,198.0,450.5,424.0,748.5,523.0,560.5,604.5,501.0,485.5,1297.5,642.0,154.0,576.5,313.5,611.5,192.0,748.0,292.0,458.5,397.0,257.0,265.0,115.5,239.0,214.0,105.0,251.0,529.0,128.0,138.5,138.0,239.5,229.0,213.0,137.5,263.0,360.0,307.5,324.5,327.0,474.5,307.0,226.0,327.0,247.0,222.0,317.0,407.0,460.5,527.0,454.5,440.5,401.0,252.5,341.0,294.5,359.0,195.5,258.5,139.0,175.5,147.5,228.0,315.0,166.5,104.5,308.0,71.5,371.0,322.0,383.5,416.0,128.0,112.0
161.5,166.0,496.5,310.0,863.0,351.5,156.0,432.0,358.5,672.5,440.0,468.0,492.5,428.5,440.5,1147.0,523.5,139.0,356.0,223.0,502.5,196.0,613.0,234.5,393.0,366.0,266.5,224.5,109.5,233.0,180.0,94.5,227.0,503.5,152.0,104.5,117.5,187.0,221.0,250.0,130.0,228.0,260.0,291.5,244.0,265.5,425.5,222.5,188.0,280.0,187.5,209.0,232.5,394.5,405.5,486.0,355.0,317.0,361.0,212.0,304.5,294.0,251.0,144.5,159.5,145.5,151.5,161.5,197.0,230.5,136.5,89.0,251.5,53.5,273.5,247.5,302.0,359.0,93.5,116.0
127.0,121.0,343.5,257.0,707.0,300.0,119.0,439.5,327.5,640.0,402.0,411.0,368.5,323.5,347.5,1099.5,412.0,125.0,404.5,173.0,400.5,152.5,499.5,222.5,288.5,317.5,190.5,190.0,110.0,170.5,151.5,92.5,184.0,449.5,104.0,110.0,104.5,183.5,213.0,180.0,114.0,185.0,246.5,205.0,207.5,201.5,366.0,240.0,149.0,208.0,148.5,178.5,190.0,286.5,299.0,446.5,345.0,317.5,310.0,194.0,256.0,227.0,212.5,136.0,164.5,98.5,99.0,115.5,172.0,191.0,105.0,63.0,211.0,42.0,238.0,315.5,254.0,289.0,85.0,83.5
151.5,129.5,305.0,243.5,554.5,263.0,111.5,371.0,327.0,764.5,403.5,433.5,298.5,326.0,316.0,1151.5,365.0,99.0,333.0,150.5,386.5,150.5,457.5,186.0,255.0,255.0,166.5,178.0,67.5,172.0,148.0,77.5,153.5,355.5,104.5,65.0,72.5,115.0,161.0,171.5,78.0,167.5,200.5,202.5,156.5,188.5,353.0,195.0,160.5,209.0,142.5,161.0,186.5,251.5,293.5,335.0,299.0,241.0,259.5,181.0,239.0,244.5,241.0,106.5,131.5,85.0,116.5,111.0,142.0,171.0,74.5,50.5,162.5,53.5,218.5,204.0,262.0,325.5,71.0,67.5
105.5,88.5,259.5,198.0,538.5,233.5,89.0,351.5,282.0,599.5,360.0,319.5,350.0,249.0,292.5,998.0,358.5,123.0,247.0,149.0,317.0,135.0,467.5,143.5,277.0,256.5,142.5,160.5,51.0,144.0,132.5,61.5,150.5,327.0,90.5,75.5,59.5,127.0,143.5,163.0,78.5,140.5,180.5,154.5,154.5,164.5,286.5,185.0,144.5,181.5,136.0,145.0,141.0,238.5,228.5,306.5,192.0,219.0,234.0,125.5,186.0,183.5,166.0,84.0,126.0,64.5,96.0,103.5,129.5,119.0,65.5,50.0,131.5,33.0,184.0,174.5,219.5,260.0,68.0,58.5
91.5,104.0,257.0,175.5,506.5,225.0,108.5,306.5,249.0,499.5,391.5,276.0,280.5,224.0,289.5,748.0,260.0,91.5,240.5,113.0,267.5,92.5,303.5,151.0,280.5,189.0,151.5,148.5,58.5,139.5,79.0,62.5,139.5,273.5,88.0,62.0,85.5,106.5,179.0,159.0,85.0,133.5,174.0,137.0,112.5,160.5,259.0,175.0,145.5,150.5,126.5,104.0,124.0,222.5,192.5,276.0,202.0,192.5,184.0,119.5,115.5,143.5,145.5,86.5,91.0,80.5,87.5,79.5,128.0,142.5,64.0,44.5,145.0,30.5,201.5,175.5,226.5,247.5,61.0,48.5
82.0,93.5,216.0,182.5,484.5,226.0,85.0,300.0,258.5,612.5,364.0,315.0,307.5,192.5,231.0,759.5,296.0,97.5,196.5,112.5,312.5,67.0,386.5,164.0,288.0,210.0,155.0,147.5,50.5,93.5,94.5,57.0,76.0,248.0,59.5,67.5,57.5,141.0,156.5,158.5,59.5,153.0,152.0,176.0,153.5,154.5,273.0,192.5,131.0,184.5,130.5,139.0,134.0,197.5,204.5,256.0,197.0,162.5,221.5,135.5,154.5,135.5,162.5,67.5,110.0,59.0,84.5,76.0,134.0,133.5,71.5,66.5,112.5,32.5,200.0,192.0,256.0,251.0,53.5,60.0
90.5,102.0,252.0,207.0,514.0,230.5,90.0,305.0,232.0,553.5,345.0,275.0,275.0,232.0,246.5,992.0,294.5,102.5,219.5,110.0,258.0,102.0,373.0,120.5,210.0,207.0,147.0,105.0,35.5,110.5,95.0,37.5,123.5,293.0,67.0,56.5,55.0,120.5,151.5,168.0,52.0,134.5,161.5,152.0,119.5,173.0,260.5,168.5,135.0,176.0,107.5,129.5,155.5,208.0,230.5,253.5,234.0,167.5,171.0,114.0,138.5,151.5,144.0,67.5,102.0,59.0,80.0,72.5,133.0,127.5,70.5,53.0,128.5,39.5,154.5,126.5,223.5,196.5,60.0,64.5
84.5,69.5,214.5,167.0,521.5,208.0,86.5,300.5,230.0,497.0,337.0,267.0,317.5,204.0,214.5,680.0,261.0,75.0,171.0,127.5,243.0,74.0,297.5,168.0,236.5,138.5,108.5,136.5,59.5,115.5,70.5,44.5,98.5,148.5,84.0,36.5,70.5,114.0,129.5,151.0,60.0,121.0,153.0,133.5,116.5,164.0,239.0,160.5,147.0,173.0,123.5,118.0,148.0,227.5,203.0,229.5,197.0,161.5,178.0,123.5,129.0,123.5,152.5,71.0,79.0,58.0,70.0,93.5,126.0,134.5,55.0,56.0,121.0,38.0,145.0,96.0,216.0,219.0,58.0,57.5
105.5,111.5,241.0,179.0,439.5,224.5,87.0,257.0,198.0,441.5,348.5,260.5,278.0,234.5,207.5,639.0,288.0,70.0,232.5,112.0,242.0,103.0,339.5,100.5,151.0,220.0,146.5,89.0,59.0,81.0,96.0,56.0,94.0,285.0,82.5,40.0,68.5,103.0,130.5,159.5,60.0,115.0,137.0,142.0,116.0,164.0,251.5,174.0,111.5,144.0,97.0,101.0,173.0,208.0,209.0,205.0,202.5,163.5,164.5,119.5,130.5,126.0,138.5,85.5,80.5,55.0,99.0,73.5,129.0,132.0,70.5,41.0,124.0,50.0,131.0,150.5,169.5,209.5,55.5,59.0
63.5,80.5,203.5,184.0,455.0,230.0,95.5,220.5,246.0,483.0,368.5,250.0,278.0,193.5,237.5,684.5,240.0,68.0,195.0,118.0,228.0,90.5,262.0,124.0,240.0,191.0,88.0,123.5,38.0,129.0,90.0,41.0,105.0,258.0,58.5,43.0,64.5,97.5,157.5,148.0,54.5,115.0,169.0,132.0,134.5,170.5,250.0,151.5,132.5,160.5,99.5,132.0,140.5,201.5,189.0,223.5,221.5,176.5,165.0,113.0,129.0,162.5,146.5,69.5,74.5,39.5,79.5,90.5,118.0,103.0,48.5,51.0,122.0,38.0,135.5,139.5,194.5,205.5,63.5,58.5
66.0,84.5,248.5,185.0,494.5,180.0,90.5,234.0,239.0,385.5,304.0,257.5,260.5,201.0,216.0,485.5,285.0,61.5,183.0,122.5,272.0,59.5,356.0,166.0,152.0,133.5,120.0,130.0,56.5,78.5,78.5,50.5,62.5,148.5,54.5,45.5,47.5,89.0,104.5,130.5,52.0,131.5,154.5,136.5,116.0,156.0,245.0,154.0,123.5,162.0,82.0,156.0,85.0,169.0,221.0,210.5,202.5,183.0,183.5,126.5,129.5,152.0,124.0,67.0,69.0,46.0,66.0,78.0,102.0,138.0,66.5,48.0,104.5,32.0,104.5,100.5,194.0,212.5,53.5,52.5
88.5,78.5,210.0,181.0,367.5,158.0,78.0,211.0,183.0,374.5,266.5,238.5,236.0,209.0,196.5,473.0,229.5,68.5,176.0,150.5,224.0,97.5,252.5,86.5,213.0,171.5,73.5,70.0,40.5,97.0,79.5,14.5,118.5,240.5,38.5,48.5,51.5,85.0,110.0,187.5,51.0,104.5,133.0,115.5,92.5,120.5,209.5,136.0,94.5,139.5,89.5,114.0,96.0,164.5,164.0,149.5,188.0,179.0,150.5,105.0,121.5,110.5,123.5,65.5,71.5,43.0,54.5,76.0,88.0,99.5,45.5,45.0,119.0,28.0,109.0,74.0,213.0,186.5,41.5,57.0
57.5,83.0,159.0,111.0,311.5,129.0,71.5,220.0,167.5,336.5,235.5,272.5,210.0,162.5,203.0,345.5,202.5,60.5,136.5,144.5,214.5,41.5,213.0,115.0,182.0,90.5,103.0,98.0,67.0,73.5,38.0,35.5,99.5,119.5,46.0,45.0,43.0,80.5,118.5,119.0,44.5,103.5,111.0,137.5,66.5,93.5,190.5,92.0,84.5,123.5,92.5,87.0,79.5,161.5,142.5,118.5,182.0,126.0,137.5,107.5,91.5,94.5,95.5,67.5,60.0,41.0,73.0,69.0,110.0,89.0,45.5,30.0,80.0,13.5,64.5,54.0,148.5,160.0,38.5,43.5
40.5,49.5,150.0,100.0,281.0,116.5,51.0,119.0,188.5,546.5,238.5,224.5,169.5,165.0,180.5,557.5,215.5,56.0,106.0,105.5,196.5,69.5,273.5,96.5,106.0,134.5,101.0,49.0,34.0,59.0,78.5,30.0,59.0,192.0,40.5,31.5,47.5,78.5,79.5,97.0,35.5,82.0,109.0,107.5,71.0,87.5,181.0,87.0,74.0,92.5,54.0,93.5,85.0,101.5,140.5,115.0,141.5,110.0,114.0,76.5,85.5,86.0,108.5,55.0,65.5,37.5,58.5,43.0,71.5,78.5,32.0,41.0,53.5,19.5,58.0,39.5,207.5,153.5,28.0,32.0
49.0,42.0,126.0,108.5,229.0,98.5,48.5,104.5,191.0,266.0,186.0,235.5,177.5,139.0,176.5,331.5,187.0,45.0,98.0,102.0,154.5,47.5,175.0,48.5,119.5,99.0,62.5,84.5,27.0,84.5,46.0,13.5,94.5,174.5,31.5,46.5,31.5,57.5,56.0,66.5,24.0,67.5,82.0,92.0,69.5,67.5,160.5,101.0,61.0,85.0,47.5,106.0,53.0,108.0,98.0,105.0,119.0,103.5,107.0,61.5,102.0,77.0,72.0,49.5,36.0,33.5,50.5,39.0,56.5,72.5,33.5,28.0,74.5,14.0,61.5,35.5,116.5,152.0,40.0,30.5
37.0,47.0,87.0,77.0,166.5,71.0,44.5,188.0,99.0,186.0,172.0,106.5,106.5,110.5,152.5,346.5,172.5,63.0,92.5,87.0,152.5,34.0,111.5,74.5,93.0,49.0,48.5,63.5,33.5,68.0,34.5,27.0,62.0,70.0,17.0,27.5,28.0,38.0,48.0,50.0,31.0,57.0,102.5,91.5,33.0,75.5,110.5,44.0,45.5,60.0,41.5,61.0,56.5,67.5,67.0,74.0,128.0,79.0,77.5,46.0,49.0,73.5,55.5,30.0,35.5,16.0,55.5,40.5,35.5,81.0,31.5,34.0,40.5,8.0,46.0,27.0,73.0,107.0,33.5,26.0
20.0,35.5,45.0,47.0,99.5,51.0,30.5,57.5,62.0,98.5,104.0,72.5,93.5,72.0,91.5,126.0,111.5,19.0,60.0,49.0,127.5,52.0,126.5,65.0,37.5,55.5,41.0,39.0,30.5,52.0,41.5,24.0,26.0,91.5,23.5,12.0,32.5,41.5,33.5,49.0,22.0,51.0,59.5,49.0,29.5,51.5,96.0,32.5,44.0,54.5,41.0,37.5,42.0,61.5,57.0,55.0,83.5,61.0,52.5,53.0,31.5,38.5,53.5,29.5,29.0,19.0,25.5,24.5,35.5,43.5,29.0,13.5,30.0,8.0,32.0,21.0,33.5,65.0,20.0,20.5
16.5,17.0,35.5,34.0,47.5,27.5,23.5,35.5,32.0,64.0,46.5,35.0,54.5,45.0,69.0,119.5,55.5,21.5,40.5,38.5,62.5,13.5,39.0,27.5,58.5,34.0,16.5,40.0,18.0,31.5,16.5,9.5,45.5,84.0,8.5,16.5,12.5,15.5,31.5,20.5,19.5,27.0,30.5,47.5,22.5,16.0,65.5,25.5,14.5,22.5,29.5,33.5,26.5,34.5,51.0,32.5,61.5,32.0,26.5,23.5,37.5,30.0,34.5,29.5,13.0,16.5,26.5,20.5,17.0,29.5,4.5,12.5,17.5,3.5,16.0,10.0,18.0,42.0,6.0,8.0
11.0,15.5,23.5,24.5,25.5,14.5,14.0,15.0,17.0,8.5,21.5,17.5,15.0,16.5,19.0,33.5,46.5,13.5,17.0,30.0,29.5,11.0,35.5,24.0,17.0,15.0,14.5,15.0,12.0,20.0,11.0,7.5,16.5,29.5,10.0,5.0,15.0,18.5,18.0,9.0,13.0,19.0,17.5,13.5,10.0,21.0,27.5,8.0,10.0,19.0,13.0,16.0,12.5,23.5,21.0,21.5,29.0,33.5,25.0,8.5,17.5,25.5,30.0,9.0,11.5,5.5,22.5,11.5,13.5,8.0,3.5,3.5,5.0,1.0,0.5,0.0,4.5,7.0,5.5,9.0
7.5,7.5,11.5,8.5,18.5,8.5,3.5,3.5,9.0,0.5,0.0,0.0,0.0,0.5,0.0,6.0,8.0,5.5,8.5,10.0,24.0,8.5,23.5,11.0,15.0,11.5,20.5,17.0,8.0,1.0,13.5,6.0,18.0,28.0,10.5,6.0,3.0,7.5,14.0,12.5,3.0,7.5,15.5,14.0,3.5,8.0,3.5,3.5,1.0,0.0,0.0,2.5,3.0,3.5,7.5,11.5,28.5,9.0,16.0,22.0,17.0,10.5,11.0,15.5,12.5,5.0,6.5,2.0,0.5,0.0,0.0,0.0,0.0,0.0,0.0,0.0,0.0,0.0,0.5,2.0
4.0,0.0,3.5,3.0,1.0,1.0,1.0,0.0,0.0,0.5,6.5,0.0,0.0,0.5,0.5,22.5,1.0,0.0,0.5,2.5,2.0,0.0,4.5,1.0,6.0,4.5,10.0,17.5,1.0,0.0,0.0,5.0,1.0,24.5,7.0,1.5,2.5,3.0,4.5,3.5,0.5,0.0,3.5,2.5,0.0,2.0,0.5,0.0,0.5,0.0,2.0,0.0,0.0,0.0,0.0,1.0,0.0,0.0,2.0,0.5,0.0,0.0,0.5,4.5,3.5,12.0,3.0,2.5,2.0,0.5,1.0,0.0,0.5,0.0,0.0,0.0,1.5,0.0,0.0,0.5
28.5,12.0,14.5,16.5,12.5,7.5,5.5,73.5,8.5,9.5,9.0,15.0,10.0,4.0,12.0,99.0,10.5,5.0,15.5,8.0,14.0,8.0,20.5,20.5,25.5,24.0,30.0,27.5,2.5,22.5,38.0,11.0,28.0,80.0,16.5,14.0,10.5,28.0,14.5,11.5,13.5,8.0,16.5,12.0,11.0,4.5,8.0,3.0,5.0,7.0,8.5,8.0,5.5,6.0,11.5,12.5,7.0,3.5,12.0,7.0,15.5,14.5,9.5,14.0,20.5,17.0,14.5,18.5,17.5,7.0,6.0,2.5,10.0,4.0,2.5,1.0,0.5,3.5,3.0,3.0
25.5,7.5,28.0,16.5,32.0,20.5,27.0,161.0,25.0,20.5,18.5,22.0,35.5,33.5,45.5,73.5,27.0,26.0,42.5,26.5,51.0,15.5,60.0,40.5,31.0,41.0,53.0,40.5,20.0,52.5,62.0,23.5,22.0,93.5,36.0,20.5,20.5,32.5,15.5,14.0,13.0,17.0,29.0,21.5,17.5,43.0,23.5,6.0,17.0,19.0,8.0,6.5,8.5,12.5,20.5,19.5,31.0,25.5,21.0,18.0,20.5,32.5,18.5,21.0,27.0,25.5,21.5,23.5,20.0,21.0,12.0,14.5,18.5,5.5,3.5,1.5,6.0,9.5,6.0,3.5
42.0,21.0,59.0,38.0,79.0,35.5,34.0,134.0,27.5,54.0,37.5,75.5,50.5,56.5,59.0,388.5,72.0,18.5,66.5,55.0,121.0,27.0,58.5,35.0,70.5,78.0,63.0,56.0,38.5,66.5,57.5,30.0,48.5,165.0,42.5,28.0,34.5,40.5,28.0,29.0,19.0,33.0,35.5,29.0,13.0,23.5,39.0,20.5,25.0,30.0,28.0,18.5,29.0,37.0,26.0,31.5,48.0,36.0,32.5,25.5,48.5,52.0,56.0,30.5,43.5,58.0,32.5,53.0,40.0,25.5,17.0,14.5,23.0,13.5,15.5,13.0,8.5,21.5,15.0,7.5
140.0,28.5,90.5,68.5,84.5,68.5,60.5,221.5,71.0,108.0,62.0,93.0,98.0,110.0,128.5,710.5,117.0,41.0,91.0,71.5,140.0,32.5,102.5,72.5,92.0,83.5,112.0,105.0,49.0,84.0,79.5,60.5,78.5,256.5,88.5,32.0,63.5,67.5,44.0,49.5,37.0,36.5,57.5,44.5,26.0,42.5,67.5,43.5,52.0,51.5,53.5,38.5,45.0,48.5,54.5,54.0,92.5,64.0,50.0,45.0,97.0,78.0,67.0,44.5,72.0,71.0,55.5,65.0,71.0,46.0,32.0,24.0,39.0,11.5,19.5,17.0,9.0,46.0,24.5,14.0
144.0,64.0,121.0,122.5,156.5,112.0,108.0,319.0,124.0,169.5,97.5,112.5,153.5,189.0,177.5,834.0,178.0,59.5,142.5,80.0,234.0,60.0,168.5,99.5,156.0,127.0,126.5,139.0,91.5,143.5,111.5,71.5,113.0,341.0,128.0,55.5,88.0,100.0,88.0,73.5,61.0,61.0,89.0,73.0,24.0,58.5,87.5,73.0,111.5,90.5,102.5,102.5,73.0,90.5,90.0,114.5,134.0,121.5,90.5,64.0,108.5,125.0,145.5,67.0,99.0,108.0,68.0,89.5,107.0,63.5,49.0,38.5,51.0,25.5,39.0,27.5,29.0,65.0,35.0,26.0
183.0,91.5,164.0,160.5,210.5,169.0,136.0,468.0,187.5,278.0,149.5,205.5,218.5,224.0,276.5,917.0,297.0,80.5,233.0,96.5,327.5,100.5,242.0,151.5,346.0,206.0,188.0,203.0,119.5,153.5,156.0,105.0,172.0,562.5,166.5,89.5,114.0,163.0,106.5,112.5,95.5,95.5,153.5,117.5,50.5,70.0,129.5,119.5,141.0,165.5,179.5,124.0,148.5,142.5,135.0,160.5,207.5,162.5,140.0,104.5,175.0,170.0,195.5,96.0,167.0,161.0,96.5,103.0,215.0,87.0,72.5,68.0,88.5,28.5,55.0,34.0,37.0,111.0,48.5,42.0
219.0,156.5,338.0,282.5,432.5,259.5,189.5,471.0,240.0,333.0,281.5,248.5,377.0,351.0,455.0,1158.5,485.0,118.5,309.5,142.0,427.5,113.5,334.0,207.5,403.0,282.5,282.5,326.0,134.0,209.0,222.0,131.0,233.0,719.5,253.5,152.0,167.5,210.0,138.5,139.5,132.5,160.5,230.5,200.0,69.5,120.5,209.5,203.5,168.0,260.0,192.0,87.0,246.5,261.5,209.5,263.0,312.0,270.0,277.5,164.5,250.0,277.5,280.0,160.5,246.0,216.0,189.5,143.5,214.0,139.5,108.0,95.5,164.5,48.0,92.5,47.0,54.5,158.0,75.0,72.5
316.5,226.5,508.0,407.0,715.0,494.0,219.5,685.0,300.0,732.5,396.5,454.0,534.0,598.5,583.0,1725.5,737.5,193.0,481.5,227.5,650.0,250.5,591.0,277.0,504.5,358.0,293.5,397.0,145.5,286.5,283.0,197.5,295.0,727.0,356.0,175.5,208.5,329.0,198.5,247.0,218.0,282.0,366.5,291.0,140.5,208.0,324.0,275.0,289.5,353.5,237.5,157.0,409.0,462.5,387.5,459.0,581.5,454.0,345.0,254.5,428.5,382.0,431.0,198.5,247.5,235.5,255.5,138.5,266.5,206.0,138.0,126.5,251.0,91.5,207.0,125.5,125.0,256.0,113.5,115.0
405.0,282.5,708.0,550.0,1001.5,673.5,301.5,999.0,389.0,965.0,602.5,607.5,798.0,815.5,738.5,1433.5,1066.5,280.0,660.5,319.5,944.5,253.0,680.5,344.5,483.5,368.0,365.5,472.0,163.5,266.5,283.5,192.5,297.5,744.5,346.5,223.0,289.0,411.5,235.5,325.5,251.0,374.0,501.0,494.5,248.5,375.0,484.5,450.5,390.5,545.5,385.5,224.0,629.5,801.0,627.5,652.5,768.0,556.5,500.0,369.0,584.5,487.5,490.5,259.5,318.5,299.5,294.5,189.0,328.0,307.5,219.5,150.5,335.0,114.0,331.5,272.0,301.0,342.5,154.0,224.5
389.5,355.0,913.0,644.0,1615.5,854.5,307.0,994.0,808.5,738.0,797.5,785.5,886.5,885.5,913.0,2235.5,1139.5,337.5,875.5,390.5,940.0,325.0,821.0,431.5,574.5,384.0,368.5,422.0,173.5,336.5,333.5,170.5,356.5,704.0,406.0,220.5,256.5,428.0,253.0,407.0,292.5,428.0,620.5,576.5,478.5,704.0,789.5,502.5,504.0,687.0,667.0,393.5,871.5,964.0,818.5,983.5,936.5,696.5,518.0,402.0,533.5,483.0,476.0,264.5,261.5,242.0,346.0,190.0,406.0,405.0,295.5,154.5,399.0,161.5,744.0,591.5,404.0,596.5,222.0,299.0
442.5,370.0,1022.5,618.5,1888.5,989.5,292.5,1154.0,883.0,871.0,939.5,1026.0,1222.0,995.0,955.5,1936.0,1191.5,372.0,920.0,472.0,906.5,361.5,730.0,366.5,476.5,422.0,361.5,355.5,184.5,290.0,302.0,138.5,278.0,723.0,323.0,174.0,223.5,367.5,282.5,416.0,358.0,431.0,606.5,575.0,607.5,744.5,896.5,636.0,528.0,686.5,659.5,457.5,812.5,1009.0,762.0,912.5,813.0,543.0,552.5,410.5,544.5,425.5,394.0,259.5,260.5,213.0,308.0,202.5,450.5,535.0,317.5,165.5,633.0,125.5,950.5,801.5,837.5,762.0,226.5,308.0
539.5,314.0,1230.5,670.5,2278.0,990.5,310.0,942.5,679.0,902.0,613.0,680.5,1103.5,881.0,821.5,2112.0,1145.5,500.0,860.5,403.0,782.5,272.0,722.5,367.0,372.5,525.0,324.0,257.5,136.0,258.0,241.5,95.0,205.0,597.0,246.0,146.5,191.5,298.5,210.0,329.5,262.5,415.5,540.5,538.5,647.0,703.0,979.5,640.0,470.0,608.5,501.0,348.0,607.5,789.0,724.5,882.5,619.0,552.5,457.0,405.0,403.5,414.5,351.5,172.5,231.5,208.0,249.5,183.5,398.0,493.0,279.0,128.5,662.5,118.0,1007.0,824.5,725.5,677.5,243.5,306.5
436.5,239.5,853.0,457.5,1926.5,919.0,279.5,911.0,610.5,916.5,652.5,779.5,855.0,704.0,545.0,2215.0,729.5,311.0,794.0,430.5,677.0,236.0,464.5,215.5,284.5,434.0,208.0,166.5,100.0,215.5,191.0,75.5,175.0,600.5,158.0,106.0,116.0,251.0,198.0,273.0,200.0,335.5,484.5,353.0,799.0,640.0,912.0,755.5,345.0,462.5,392.5,305.5,480.0,714.5,592.5,825.0,451.5,385.0,544.0,379.0,342.0,324.0,281.5,123.0,200.5,179.5,157.0,119.0,377.0,362.5,244.0,104.0,597.0,84.5,1038.0,805.5,921.0,623.0,194.5,186.0
295.5,198.5,614.5,348.5,1424.5,581.0,207.5,823.5,433.5,864.0,491.5,566.0,641.0,593.5,472.0,2048.5,516.0,177.0,437.5,159.0,532.0,172.5,284.0,194.5,282.0,203.0,142.5,141.5,86.5,164.5,117.5,78.0,124.0,447.5,157.0,79.0,88.5,174.0,141.5,203.0,136.5,226.0,282.5,216.5,339.5,350.5,483.0,539.0,227.5,302.0,247.0,239.5,331.5,416.0,521.5,620.5,393.5,322.5,437.0,262.0,242.0,222.5,211.0,121.0,148.0,138.0,104.0,107.5,243.5,245.0,159.5,80.0,382.5,63.0,534.5,460.0,515.0,381.5,153.5,112.5
218.5,108.5,402.0,247.0,1103.0,496.5,193.0,914.5,433.5,973.5,461.0,588.5,413.0,410.5,370.5,1799.0,363.5,132.5,299.5,171.5,404.0,107.5,303.5,158.0,251.5,186.0,134.5,119.5,68.5,164.5,103.0,67.0,98.0,330.0,128.0,59.0,78.5,159.5,140.0,206.0,105.0,174.0,217.5,163.0,245.0,214.0,406.5,421.0,210.5,290.0,220.5,242.5,350.0,340.0,354.5,623.0,296.0,310.5,340.5,219.0,215.5,207.0,186.5,104.0,144.5,147.5,96.0,81.0,184.5,181.5,140.5,68.0,263.0,57.0,344.0,288.0,362.0,283.0,113.0,79.5
194.0,82.5,297.0,179.5,591.0,378.0,193.0,750.5,335.0,791.0,437.5,391.5,414.0,355.5,334.5,1777.5,312.0,124.5,312.5,131.5,423.0,116.0,209.5,120.5,218.5,149.5,123.5,107.0,48.5,148.5,106.0,67.5,118.5,383.5,114.5,56.5,87.0,151.0,128.5,153.0,101.5,131.5,190.5,118.0,152.5,197.0,268.5,355.5,167.0,240.0,211.0,171.5,271.5,293.5,268.0,373.0,254.0,219.5,231.5,162.0,171.0,151.0,172.5,67.5,117.0,91.5,78.0,54.5,127.5,144.0,98.0,50.5,218.5,63.5,257.0,255.0,260.0,203.0,93.0,51.0
177.5,69.0,219.0,128.5,531.0,289.5,161.5,719.5,321.0,831.5,417.5,353.0,380.5,357.0,247.5,1645.0,264.0,92.0,222.5,157.5,374.5,92.5,178.0,99.0,210.0,148.5,83.5,92.5,46.5,138.0,126.0,44.0,103.5,345.0,105.0,47.0,80.0,152.0,163.0,164.0,80.0,130.0,142.5,114.0,131.5,164.0,252.0,327.0,178.0,232.5,184.5,182.5,231.5,184.5,217.0,319.0,245.0,164.0,195.5,141.5,117.0,143.0,114.0,65.5,122.0,105.5,71.0,56.5,109.0,130.0,106.0,53.0,159.5,33.5,204.5,251.5,197.0,180.5,86.0,38.5
178.0,70.5,202.0,139.5,377.0,276.0,152.0,723.5,296.0,834.0,355.5,315.0,334.5,308.0,249.5,1816.0,261.5,93.0,169.5,123.5,404.5,84.5,226.5,105.5,204.5,127.0,96.5,91.0,61.5,158.5,120.0,57.0,79.0,356.5,126.0,42.0,83.5,162.5,136.0,179.5,122.5,107.0,143.0,90.0,100.5,149.0,214.5,294.0,141.5,208.5,174.5,166.5,208.0,216.0,159.0,257.5,192.5,150.5,147.0,111.5,126.0,118.5,125.5,46.5,128.5,99.0,58.5,48.5,97.0,99.0,73.5,56.0,133.0,39.5,165.5,196.5,141.0,170.5,79.0,47.0
150.5,52.5,195.0,116.5,326.0,241.5,139.5,573.0,298.0,852.0,372.5,325.0,306.5,273.5,249.5,1642.5,219.5,85.5,150.5,110.5,371.0,71.0,141.0,104.5,191.5,129.5,89.0,71.0,37.0,170.0,94.5,47.0,91.0,290.5,87.0,40.0,70.5,148.5,146.0,148.0,79.0,89.5,124.0,98.0,98.5,107.5,185.5,260.5,155.0,191.5,164.0,157.5,213.0,184.5,146.0,206.5,178.5,161.5,154.5,112.0,120.0,127.5,107.0,49.0,97.0,99.5,69.5,48.0,86.5,92.0,79.5,56.5,119.0,44.5,144.5,191.0,149.5,174.0,71.5,50.5
164.0,57.5,199.5,105.5,351.5,247.0,154.0,614.5,282.5,802.5,359.0,340.0,314.0,304.5,216.0,1566.0,208.0,74.0,156.5,110.0,380.5,62.5,182.5,83.5,213.0,115.5,90.5,76.5,37.0,146.5,90.5,35.5,70.0,283.0,97.0,30.5,61.5,160.5,130.5,149.5,89.5,101.0,134.0,76.0,97.0,136.5,176.0,277.0,143.5,204.5,165.5,158.0,217.5,188.0,141.5,184.5,157.5,118.5,139.5,101.0,118.0,118.5,106.5,52.0,104.0,86.0,66.5,54.0,93.5,102.0,72.0,37.0,111.0,34.5,136.5,197.5,134.0,164.5,65.0,34.5
146.0,63.0,230.0,93.0,343.5,209.5,156.0,681.5,294.0,809.0,366.0,299.0,254.5,275.5,227.0,1718.5,223.0,76.0,108.5,110.0,362.5,65.5,162.0,82.0,196.0,120.5,86.5,80.0,37.5,130.0,88.5,53.0,87.0,314.0,73.0,46.0,72.0,132.0,145.5,152.0,73.0,87.0,137.0,88.0,76.5,95.0,203.0,262.5,140.5,170.5,161.0,180.0,225.0,180.5,136.0,172.0,137.0,122.0,142.5,93.5,103.0,93.5,108.0,37.5,90.5,93.5,60.5,51.5,97.5,97.5,67.5,35.5,92.5,35.0,107.5,192.5,130.5,135.0,59.0,43.0
132.5,49.5,157.5,101.5,342.0,230.5,150.0,628.5,292.5,847.5,352.5,376.0,298.5,279.5,195.5,1657.0,177.5,59.0,122.5,101.5,332.0,71.5,199.5,119.0,198.5,129.0,76.5,66.0,37.5,131.5,95.5,35.5,81.0,232.5,69.0,42.5,68.0,136.0,149.0,129.0,66.0,101.0,131.5,70.0,80.0,121.5,193.5,217.0,127.5,171.0,154.5,159.5,192.0,166.0,124.5,174.0,124.5,123.5,118.0,97.0,110.0,100.0,108.5,43.0,89.5,61.0,54.5,60.5,80.0,71.5,65.5,34.5,98.5,31.5,117.0,175.0,131.0,151.0,81.5,38.5
129.5,40.5,184.5,104.0,320.0,232.5,143.0,597.5,267.0,762.5,339.0,294.5,244.0,268.0,209.0,1557.0,199.0,67.5,133.5,93.0,326.0,58.5,164.5,95.5,201.0,107.5,83.0,93.5,40.5,122.5,97.5,40.0,81.0,256.0,75.5,42.0,65.0,112.5,119.0,124.0,76.5,93.0,135.5,84.5,86.0,108.0,200.5,251.0,120.0,165.5,145.0,145.0,212.0,181.5,138.0,175.0,129.5,117.5,133.5,119.0,91.5,98.0,94.5,48.5,108.5,64.5,60.5,53.0,99.5,95.0,88.5,32.5,117.0,34.0,111.5,165.5,138.5,154.5,67.5,42.5
148.5,62.0,142.0,104.0,354.0,216.0,148.0,556.5,298.5,782.0,366.0,315.0,286.0,265.5,214.0,1550.5,206.5,82.0,121.5,107.5,323.0,65.5,219.5,106.5,235.5,122.0,71.0,87.0,47.5,136.0,97.5,39.0,81.5,269.5,69.0,46.5,61.5,141.0,155.0,139.5,73.5,94.0,113.5,75.5,93.5,135.0,200.0,259.5,123.0,188.5,145.5,140.5,191.5,192.5,145.5,166.5,140.0,121.5,124.5,104.0,111.5,96.0,122.0,42.5,77.5,73.5,57.0,54.5,73.5,89.5,68.0,30.5,109.5,30.5,110.0,177.5,150.5,169.0,94.0,40.5
159.0,57.0,151.0,96.0,308.0,232.0,135.0,580.5,312.0,808.5,377.5,298.5,300.0,288.5,195.5,1510.0,186.5,76.5,110.0,98.5,365.5,77.0,214.5,121.5,208.0,107.0,93.5,93.0,51.5,161.0,103.0,55.0,82.5,291.5,71.5,33.0,66.5,157.0,133.5,160.0,77.0,99.5,108.5,86.5,93.5,133.5,186.5,247.0,106.0,155.0,140.5,143.5,194.0,195.0,144.0,164.0,145.5,130.5,128.0,111.5,91.0,119.5,107.5,43.5,80.5,77.0,64.5,71.0,95.0,81.0,75.5,36.0,94.0,30.0,136.0,172.0,157.5,158.0,72.5,38.0
161.5,71.0,166.0,109.5,285.5,220.0,142.0,622.0,297.5,749.5,414.5,361.0,300.0,261.5,215.5,1745.0,207.0,71.0,130.0,94.5,355.0,51.5,221.0,110.5,244.0,127.0,88.0,73.5,50.0,150.0,102.5,32.0,88.0,300.5,73.0,41.5,59.5,142.5,137.5,162.5,66.0,94.0,125.5,84.0,92.5,145.0,193.5,218.5,129.0,175.0,144.5,114.5,185.5,189.0,133.5,165.5,148.5,122.5,164.0,109.0,111.5,122.0,135.0,28.0,102.0,74.5,59.5,65.5,99.0,104.0,76.0,45.5,110.0,41.0,111.0,162.5,157.0,156.5,75.5,48.5
138.0,54.5,171.5,102.0,315.5,246.5,159.0,540.5,326.0,796.0,407.0,320.0,312.0,260.0,195.0,1582.0,233.5,86.0,168.5,124.5,344.0,68.5,223.0,116.5,219.5,151.0,102.0,85.5,40.5,167.0,103.0,54.5,81.0,277.5,76.0,35.0,77.5,124.0,162.0,155.5,53.5,95.0,137.0,90.5,87.0,108.5,200.0,223.0,148.0,177.5,157.5,137.0,183.5,193.5,187.5,193.5,163.5,163.0,170.0,133.0,133.5,112.5,144.5,51.0,118.0,67.5,59.0,63.5,98.0,108.0,62.0,46.5,104.5,59.0,118.0,194.0,134.0,174.0,71.0,41.0
145.0,76.0,205.5,122.5,315.5,238.5,152.0,592.0,286.5,782.5,400.0,352.0,293.0,300.0,208.0,1659.5,202.0,70.5,119.0,131.5,374.0,76.0,220.5,144.0,228.5,136.0,107.0,98.5,42.0,151.0,106.0,41.0,87.0,264.5,78.0,47.0,84.0,123.5,157.0,141.0,61.0,87.5,145.5,97.5,91.0,124.5,212.0,215.5,135.5,205.5,158.5,154.0,164.5,181.5,194.0,215.5,154.0,128.5,166.0,113.0,135.0,115.5,117.5,50.0,122.0,78.5,73.0,69.5,107.0,94.0,67.5,38.5,100.0,33.5,124.0,171.0,140.0,172.0,86.0,32.0
194.5,64.0,150.0,102.0,334.0,199.0,180.5,568.5,307.0,816.0,408.5,359.5,277.0,267.0,208.0,1593.5,205.5,95.0,144.5,106.0,398.5,54.5,218.0,95.5,272.5,151.0,100.0,89.0,35.5,138.5,110.5,40.0,96.0,339.0,102.0,41.5,63.5,147.0,133.0,171.0,77.0,101.0,118.5,72.0,90.5,126.0,199.0,280.5,152.5,183.5,135.5,180.0,172.0,179.0,162.0,199.0,152.0,158.0,187.0,112.0,129.5,152.5,133.5,62.5,139.0,86.0,68.0,49.5,91.5,90.0,67.5,39.5,120.5,44.0,117.0,208.0,132.5,179.0,65.0,48.0
170.5,59.5,165.0,109.5,327.0,247.0,184.5,634.5,277.0,817.5,424.5,319.0,328.5,261.0,217.5,1711.5,207.5,76.0,152.5,109.0,379.0,74.0,208.0,119.0,237.0,139.5,91.5,70.5,29.0,144.5,132.5,55.5,90.0,303.0,83.5,51.0,66.5,144.0,156.0,172.0,72.0,112.0,149.5,73.0,85.0,133.0,169.0,261.0,122.5,174.5,166.5,165.5,198.5,179.0,190.0,201.0,154.5,157.0,178.0,150.5,130.5,167.5,141.5,57.5,111.5,89.0,76.5,73.0,94.5,108.0,71.5,45.0,121.5,59.5,124.5,220.0,157.0,177.5,73.0,51.0
171.5,49.5,153.5,117.5,350.5,243.0,154.0,593.5,335.5,808.0,470.5,357.0,282.0,293.5,237.5,1473.5,186.5,73.5,165.5,108.0,357.5,63.5,229.0,108.5,216.5,154.5,87.5,87.5,40.5,176.5,103.0,47.5,115.5,281.0,103.0,39.0,80.0,141.0,152.5,160.5,63.5,96.0,125.5,85.0,100.5,106.0,207.5,263.5,144.5,192.0,206.5,157.5,193.5,186.0,157.5,186.0,162.0,137.5,186.5,133.5,132.0,105.0,118.5,64.5,99.0,74.5,59.5,57.5,89.0,110.5,76.0,42.0,112.5,40.0,131.0,205.5,159.0,179.0,99.5,44.5
127.5,51.5,163.5,109.0,383.0,269.5,146.5,588.0,351.5,883.0,428.0,354.5,324.5,274.0,240.0,1513.0,204.5,98.5,134.5,129.0,331.5,63.5,216.5,96.5,229.0,135.5,88.0,87.0,38.5,152.5,132.5,33.5,99.0,337.0,84.0,46.5,57.0,146.5,180.5,175.5,76.0,105.0,131.0,84.5,111.5,139.5,193.0,257.5,163.5,188.0,174.5,187.5,270.5,182.0,156.5,212.5,133.0,146.0,170.0,129.0,109.0,117.0,98.5,55.5,108.5,84.5,52.0,59.0,95.0,108.0,62.0,47.5,122.5,29.0,152.0,240.0,152.5,164.0,86.0,43.5
135.5,57.5,151.5,120.0,347.0,265.0,139.0,655.0,352.0,938.0,423.5,359.5,315.0,262.0,226.5,1598.0,203.5,79.0,139.5,120.0,331.5,61.0,212.0,104.0,244.5,125.0,95.0,79.5,44.5,166.0,117.5,47.5,114.0,292.5,92.5,52.0,75.0,125.0,145.5,161.0,82.5,103.0,117.0,79.5,93.0,106.5,192.5,272.0,145.5,204.5,160.0,194.0,205.5,184.5,155.0,180.0,147.0,130.5,193.0,122.0,99.0,122.0,101.5,49.0,95.5,73.5,60.0,59.0,88.5,101.0,69.0,34.0,114.0,48.0,134.0,239.5,160.0,179.5,93.5,32.5
123.5,42.0,151.0,99.0,314.5,249.5,165.5,656.0,317.5,1004.0,420.0,359.0,296.5,255.5,224.5,1482.5,191.0,78.0,155.5,117.5,394.0,66.5,228.5,109.5,217.0,131.0,84.0,69.0,39.5,144.5,101.5,38.0,93.0,288.0,79.0,39.0,68.0,136.5,138.0,169.5,71.0,115.5,124.0,85.5,91.5,113.5,209.5,278.0,126.5,192.5,174.0,159.5,191.0,183.5,148.0,171.5,147.5,118.0,145.0,94.5,100.5,102.0,115.5,54.0,90.5,58.5,45.5,70.0,101.0,92.5,64.5,37.5,143.5,37.0,124.0,216.0,139.0,193.5,88.5,43.5
151.0,51.0,156.0,94.0,369.5,255.5,132.5,637.0,342.0,970.5,424.5,353.0,319.5,256.5,231.5,1424.5,202.0,74.5,130.0,117.0,367.0,51.0,224.0,121.5,211.0,114.0,93.0,93.0,42.5,146.5,117.0,47.0,86.0,260.0,79.5,42.5,57.0,132.0,141.0,141.0,80.0,99.0,114.0,82.0,99.5,121.0,191.5,273.5,142.5,172.0,176.0,179.0,185.5,164.0,155.0,203.5,165.5,129.5,148.5,101.0,99.0,109.5,89.0,48.0,93.0,84.0,55.0,53.0,99.0,102.5,69.5,35.5,113.5,40.0,149.0,232.0,136.5,168.5,84.0,49.0
164.0,55.0,149.5,104.5,358.5,253.5,172.5,679.5,339.0,967.5,405.5,337.0,305.5,263.5,216.5,1314.0,188.5,79.5,135.0,124.0,376.5,67.5,221.5,109.0,191.0,148.0,81.0,79.5,43.0,190.0,88.5,49.5,83.5,293.0,97.5,41.5,72.0,151.0,151.5,171.5,69.5,124.0,124.5,76.0,100.0,105.5,196.0,253.5,142.0,176.5,173.0,179.5,211.0,165.0,141.5,192.0,144.0,118.5,158.5,105.0,103.0,116.5,125.0,39.5,83.5,63.0,67.0,60.5,96.0,103.0,84.0,41.5,115.5,45.0,129.0,219.0,125.5,164.0,99.0,39.0
143.5,64.5,161.0,95.0,326.5,245.0,167.0,711.5,373.0,996.0,404.5,353.5,293.0,228.5,192.0,1357.0,205.5,64.5,145.0,106.0,331.5,57.5,203.0,102.5,221.0,98.0,89.0,76.5,30.5,173.5,97.0,45.5,83.0,299.0,87.5,26.5,73.5,140.5,140.5,161.5,82.0,89.0,119.5,73.5,80.0,90.0,190.5,258.0,146.0,200.5,149.5,178.5,179.5,169.0,142.5,181.5,128.0,133.5,126.5,106.5,126.0,99.5,117.5,41.0,121.0,76.5,57.0,54.5,84.5,104.5,69.0,37.0,99.5,39.5,139.5,220.5,147.0,169.0,76.5,46.0
153.0,58.5,130.5,113.5,339.5,231.0,149.0,602.0,328.0,963.0,408.0,384.0,297.5,261.0,238.5,1525.5,191.5,64.5,134.5,122.5,348.5,53.5,210.0,98.5,202.0,131.0,90.5,91.5,43.0,141.0,110.0,35.5,87.0,262.5,76.0,33.0,83.0,158.0,151.5,183.0,73.5,111.5,147.0,87.5,95.0,98.0,201.0,237.5,140.0,194.0,152.0,181.0,193.5,165.0,141.5,164.5,153.5,108.0,163.0,116.5,108.0,100.0,131.0,46.5,118.0,67.5,59.0,53.0,80.5,99.0,60.0,44.5,104.5,43.0,119.0,199.5,135.5,168.5,92.0,33.0
147.5,54.5,156.0,110.5,326.5,251.5,168.0,546.0,356.5,956.5,417.5,372.5,314.0,234.5,198.5,1675.5,241.0,76.0,153.0,128.0,350.5,64.5,214.0,123.5,239.5,126.0,113.0,87.5,44.0,167.5,164.0,39.0,84.0,287.0,85.0,49.0,70.5,137.5,154.5,139.0,87.0,99.5,123.5,92.5,79.0,90.0,198.0,270.5,130.0,200.0,143.5,159.0,180.0,187.5,149.0,172.0,147.0,129.0,165.0,100.5,142.5,98.5,89.5,48.5,96.0,84.0,67.0,47.0,86.5,84.0,68.0,50.5,138.0,44.0,136.5,195.5,140.0,183.5,76.5,33.0
139.5,61.0,140.5,131.5,333.0,301.0,165.5,554.5,394.0,880.0,422.0,362.5,320.0,249.0,220.5,1651.0,200.0,83.5,132.5,101.0,380.5,67.0,230.5,133.0,205.5,126.0,98.0,79.5,55.5,156.0,102.5,50.0,96.5,360.0,87.0,54.0,72.5,130.5,164.5,169.5,83.5,104.5,141.0,85.0,80.0,116.5,221.0,198.0,157.0,211.0,159.5,172.0,180.5,197.5,151.5,180.5,133.5,126.5,138.0,102.0,110.0,121.5,99.5,42.5,88.5,84.5,66.0,60.5,100.0,108.0,85.0,50.0,141.0,42.0,139.5,217.0,163.5,179.0,88.5,57.5
182.0,46.5,144.5,126.0,357.5,257.0,167.0,610.0,398.0,976.5,420.5,380.5,312.0,271.0,238.5,1837.0,200.5,90.5,157.5,121.0,326.0,66.5,215.5,104.0,265.5,135.0,127.5,75.5,54.0,177.0,106.5,49.0,83.0,307.0,101.5,49.0,74.5,154.5,164.0,170.0,102.5,106.0,135.5,82.5,90.0,109.0,216.5,243.0,135.0,187.5,162.5,176.0,193.0,203.5,150.5,219.5,132.5,125.5,119.0,119.0,120.5,143.0,106.0,49.0,109.0,87.0,89.0,55.0,104.0,108.5,91.0,48.0,119.0,54.5,128.5,197.0,129.5,182.0,68.5,49.0
147.0,63.0,175.5,136.0,346.0,293.0,178.0,594.5,389.0,949.0,421.0,382.0,304.0,293.0,252.0,1393.0,200.5,78.5,149.5,124.0,341.0,65.0,233.0,115.0,283.0,161.0,150.5,89.5,44.5,145.0,99.0,64.5,83.0,322.0,82.5,52.0,74.0,148.5,180.0,173.0,78.5,105.5,149.5,92.0,104.0,91.5,211.0,252.5,162.0,193.5,180.5,142.5,184.0,231.5,147.0,234.0,149.5,150.5,144.5,118.5,120.5,110.5,109.5,50.0,114.5,91.5,65.5,64.5,95.0,102.0,86.5,50.0,139.5,60.5,132.0,243.5,149.0,181.5,89.5,47.0
143.5,46.5,174.0,146.0,350.0,331.0,178.0,645.5,398.5,946.5,431.0,366.5,313.5,268.0,246.0,1463.5,244.5,78.0,169.0,125.0,368.5,76.0,257.5,141.5,283.0,148.0,144.0,87.0,50.0,179.5,115.0,54.5,92.5,302.5,109.0,60.0,94.0,173.0,164.5,176.0,78.5,113.0,151.5,88.0,91.0,113.5,217.5,257.5,175.5,226.5,187.5,175.0,220.5,225.5,177.5,204.5,138.0,148.0,141.0,129.5,123.0,134.0,121.0,58.5,112.5,77.0,67.0,51.5,106.5,134.0,80.0,57.5,165.0,46.5,124.0,233.5,125.5,205.0,96.5,55.5
162.0,80.5,188.5,144.0,391.0,361.5,194.0,583.0,400.5,996.5,501.5,428.5,355.5,312.5,284.0,1596.5,246.5,145.0,212.5,144.0,352.0,86.0,274.0,136.5,300.0,156.0,136.0,138.0,54.5,179.5,124.0,68.0,101.0,338.0,112.5,71.0,74.0,151.0,200.5,196.5,79.0,127.5,164.0,119.5,110.5,112.0,257.0,254.5,201.0,221.0,227.0,188.5,215.0,233.5,188.0,254.5,172.0,171.0,171.5,123.5,127.5,133.5,135.0,44.5,117.0,97.5,76.0,73.5,108.0,116.5,95.5,73.0,162.0,73.0,176.0,227.0,174.0,189.0,82.5,46.5
200.0,84.0,200.5,164.5,430.5,322.0,220.5,667.5,454.5,934.5,505.0,418.0,402.5,379.0,297.5,1493.0,290.0,114.5,212.5,150.5,389.5,82.5,298.5,155.0,299.5,188.5,165.5,120.5,81.5,202.5,184.0,50.0,116.5,370.5,166.0,89.5,130.0,188.0,179.0,207.5,89.0,148.5,194.0,122.5,121.5,120.0,261.0,270.0,245.0,267.0,247.0,335.5,257.0,281.5,200.0,250.0,174.5,167.5,193.5,148.0,153.5,138.5,177.0,60.5,156.5,84.0,67.0,84.0,122.5,123.0,96.5,72.5,149.0,62.0,177.0,262.5,196.0,257.0,104.0,57.5
258.5,88.5,258.5,176.5,625.5,492.5,238.0,782.0,686.5,1117.0,542.0,513.5,493.5,437.5,400.5,1356.0,378.5,135.0,270.5,181.5,450.0,109.5,302.0,150.0,321.0,195.5,143.5,124.5,118.5,190.5,133.0,67.0,133.5,408.0,125.5,99.5,139.5,239.5,208.0,273.5,172.0,255.5,273.5,139.5,228.0,274.5,351.5,377.5,319.5,327.5,389.5,358.5,377.0,400.5,246.0,322.5,238.0,227.5,229.0,189.0,188.0,182.5,182.0,69.5,132.5,90.5,85.0,74.5,186.5,151.0,147.5,83.5,228.5,65.5,399.0,376.0,312.0,327.0,117.5,80.0
279.5,111.0,416.0,281.5,902.0,623.5,266.0,907.5,622.0,1161.5,648.0,557.5,650.5,515.5,471.0,1597.0,408.0,206.5,356.0,215.0,451.5,124.0,422.0,181.5,351.5,236.5,181.0,183.5,130.5,221.5,172.0,73.0,142.5,425.5,207.5,129.5,166.5,317.5,272.0,377.5,217.0,294.0,278.5,214.5,260.0,275.0,439.0,426.5,325.5,421.5,394.0,291.5,430.0,507.0,385.5,431.5,270.5,259.5,284.5,249.5,238.0,201.0,229.5,79.0,186.0,102.5,109.0,97.0,240.0,238.5,176.5,114.0,313.0,108.0,388.0,406.5,373.5,413.5,167.5,72.5
270.0,157.5,408.5,314.5,1055.0,793.0,268.5,816.0,805.0,1167.5,754.5,694.5,768.5,583.5,575.5,1638.5,622.0,269.5,487.0,238.0,575.5,134.5,464.0,179.5,332.5,259.5,168.0,174.5,103.5,219.0,158.5,74.5,163.0,461.0,220.5,146.0,179.5,316.0,279.0,403.0,201.5,332.5,336.0,210.5,414.5,424.5,537.0,517.0,346.5,432.5,402.5,342.0,564.5,633.5,403.0,532.5,341.5,330.5,358.5,270.0,317.5,265.5,246.5,102.5,213.0,126.0,138.0,155.0,228.0,223.5,217.0,133.0,370.0,121.5,672.5,623.5,561.0,517.0,211.0,127.0
275.5,161.0,581.0,345.5,1330.0,806.5,289.0,865.5,753.5,1175.0,759.0,805.5,884.0,684.5,615.0,1626.0,808.0,318.5,610.5,244.5,624.0,174.0,771.0,249.5,433.5,335.5,237.0,199.5,110.5,238.0,212.5,108.0,207.0,528.0,190.0,140.0,166.0,289.0,317.5,364.5,195.0,309.0,339.5,323.0,423.0,510.0,674.0,493.0,369.5,489.5,418.0,316.5,541.5,684.5,509.5,691.0,410.0,374.5,438.0,285.0,310.5,283.0,294.0,131.0,211.5,147.5,128.0,158.5,335.5,300.0,222.0,134.5,465.5,107.5,649.5,596.0,638.0,568.5,197.0,187.5
290.0,201.0,540.0,397.0,1190.0,693.5,238.0,732.5,625.0,1181.0,751.0,741.0,722.5,654.5,638.0,1559.0,769.5,249.5,649.0,283.0,668.5,196.5,649.5,246.5,422.0,319.0,243.0,252.5,132.0,250.5,199.0,111.0,216.0,533.5,173.5,132.5,204.5,286.5,283.5,343.0,188.0,285.0,352.5,275.5,484.5,454.5,668.0,500.5,357.0,440.5,361.5,324.5,529.5,591.5,494.5,684.5,407.0,385.0,449.5,338.5,329.0,330.0,299.5,129.5,260.0,145.0,204.0,154.5,294.5,304.0,206.5,110.5,401.0,83.5,654.0,506.0,564.0,558.5,167.5,161.0
234.0,176.5,626.5,401.0,1263.5,602.5,214.5,589.0,527.0,1034.5,653.0,694.0,702.0,619.5,563.5,1466.5,689.5,163.0,709.5,327.5,646.0,200.5,725.5,268.5,399.0,403.0,243.5,228.0,130.0,265.5,269.5,138.5,248.0,544.5,192.0,114.0,124.0,221.0,285.5,324.0,175.5,291.0,360.5,372.5,398.0,471.5,667.5,416.0,303.0,393.0,318.0,297.5,382.0,600.0,565.0,622.0,477.5,428.5,519.5,296.0,349.0,342.0,330.0,159.5,224.5,133.5,176.0,170.0,250.5,363.0,197.0,116.5,400.5,87.0,506.0,442.5,586.5,552.0,173.5,162.5
218.0,179.5,599.0,362.0,972.5,451.5,154.5,507.0,496.0,902.5,582.0,540.5,598.0,503.0,514.5,1437.0,683.0,162.0,542.5,298.0,635.0,202.0,707.0,290.0,369.5,363.5,288.5,240.5,118.0,232.0,158.0,106.5,215.0,522.5,127.5,125.5,146.5,255.0,246.5,272.5,140.0,267.0,374.5,325.0,332.5,280.0,469.0,335.5,231.5,302.5,223.5,250.0,317.0,402.5,461.5,561.0,423.0,439.5,390.5,270.0,364.5,296.5,330.5,179.0,212.5,147.5,167.0,150.5,267.0,288.5,139.5,99.5,358.0,66.5,359.5,369.5,340.5,397.0,139.0,139.0
194.5,177.0,488.5,311.0,859.5,360.0,148.0,540.5,385.5,821.5,491.0,522.5,495.0,430.0,437.5,1240.5,479.5,154.5,395.0,198.5,454.5,160.0,618.5,285.5,292.0,269.5,216.5,250.0,131.5,211.5,239.0,104.5,209.0,523.0,166.5,101.5,125.0,192.5,256.0,225.5,133.5,221.5,306.5,263.0,237.5,268.5,420.5,284.0,216.5,265.0,171.5,212.5,239.5,376.0,367.0,513.0,353.0,347.5,369.0,218.0,315.5,274.0,266.0,126.0,193.5,128.5,151.5,140.5,184.5,240.5,148.5,88.0,186.0,47.0,284.0,252.0,287.5,326.5,104.5,87.5
138.0,135.5,338.0,301.5,647.0,311.0,135.0,408.5,375.0,781.5,480.0,397.0,413.0,372.5,346.0,1180.5,506.5,126.0,349.0,208.5,432.5,138.0,492.5,186.0,234.0,259.0,176.5,199.0,86.5,165.0,151.5,72.0,156.0,540.0,108.0,86.0,106.0,172.0,191.0,200.0,106.0,161.0,255.5,214.0,211.5,240.0,327.5,238.0,173.0,232.0,166.0,206.5,226.5,304.0,299.0,443.0,334.0,329.5,299.0,199.0,234.0,239.0,241.0,114.5,177.0,90.0,123.5,122.5,172.0,170.5,100.5,61.0,212.0,46.0,212.0,211.5,246.5,315.0,83.0,91.5
126.5,104.0,307.5,213.5,651.5,266.0,118.5,473.5,292.0,915.5,393.0,404.5,379.5,302.0,335.5,1188.5,366.5,121.5,291.0,187.0,347.5,133.0,443.0,211.0,261.5,180.0,168.0,162.0,70.0,189.0,181.5,86.0,162.0,344.0,112.5,81.5,99.0,132.5,228.0,156.5,84.5,147.5,182.5,202.0,144.5,198.0,320.0,233.0,149.5,210.0,147.5,182.0,176.5,289.0,295.0,343.5,313.0,269.5,272.0,187.5,225.0,197.5,193.5,136.5,137.0,97.5,111.0,120.0,155.0,158.5,78.5,44.0,164.0,49.5,217.5,200.5,243.0,266.5,56.0,80.5
109.0,110.0,245.0,208.5,536.0,237.5,101.0,408.0,330.0,698.0,394.0,342.5,374.5,254.0,284.5,1112.5,309.5,111.5,255.5,193.0,326.0,114.0,383.0,185.0,234.0,158.0,150.5,166.0,67.0,139.5,118.0,58.0,147.0,329.5,73.0,73.0,72.0,146.5,189.5,170.5,83.5,148.5,185.5,156.0,161.5,154.5,291.5,186.0,143.5,184.0,117.5,180.0,179.5,236.0,228.5,350.5,225.5,218.5,207.0,148.0,193.0,183.5,202.0,89.5,144.5,74.5,77.5,81.0,105.5,145.5,68.5,54.5,144.0,43.5,211.0,201.5,258.0,240.5,64.0,63.5
107.5,77.5,288.5,182.5,538.5,220.0,96.0,365.0,294.5,742.0,368.0,316.5,314.0,279.5,243.0,880.5,337.0,95.0,233.0,157.0,307.0,101.0,396.5,166.0,258.5,164.0,135.0,133.0,54.0,150.5,116.5,54.0,121.0,295.0,92.0,65.0,88.5,138.0,196.5,188.5,76.0,137.0,169.0,157.0,127.0,164.5,247.0,178.5,115.0,174.5,129.0,172.0,145.5,209.0,242.0,297.0,262.0,204.5,213.0,124.5,123.5,157.0,160.0,86.0,92.0,77.0,105.0,67.5,129.0,146.0,73.0,47.5,158.5,37.5,138.0,183.5,229.0,248.0,59.5,59.0
95.0,86.5,246.0,174.5,512.0,241.0,102.5,398.0,332.0,700.5,409.0,300.0,368.5,228.5,265.0,938.0,285.0,109.5,180.5,152.0,291.5,102.5,393.0,119.0,247.0,149.5,144.5,144.5,42.0,117.5,105.0,42.0,109.5,257.0,69.0,55.0,75.5,166.5,209.5,190.5,75.0,176.0,159.5,164.5,130.5,160.5,257.5,212.5,141.0,171.0,119.5,149.5,154.0,216.0,224.5,283.0,208.0,184.0,191.5,149.5,153.0,143.0,146.5,76.0,114.0,63.5,75.5,90.5,148.5,133.0,67.5,64.0,125.5,39.5,153.0,193.5,242.5,261.5,70.0,59.5
92.5,105.0,234.5,183.5,516.0,222.5,80.5,327.5,300.5,784.5,371.0,319.0,281.5,259.5,262.0,968.0,354.5,77.0,273.0,146.5,240.0,89.5,273.0,155.5,270.0,106.5,127.0,125.0,58.5,131.0,85.0,61.5,124.0,190.5,86.0,54.0,84.0,142.0,197.0,191.5,71.0,165.0,150.5,159.5,120.0,192.0,295.5,172.5,124.5,171.5,111.0,127.5,147.5,205.5,240.5,254.0,242.5,184.0,233.5,135.5,154.0,155.0,155.5,85.5,110.5,65.5,77.5,79.0,147.5,129.0,78.0,58.0,130.5,34.0,151.0,147.0,199.0,229.5,61.0,55.0
95.5,107.0,226.5,213.0,526.0,222.5,96.0,352.0,250.0,650.5,384.5,293.0,291.0,235.0,257.0,747.5,310.5,92.5,210.0,141.5,327.5,83.0,329.5,152.5,179.5,159.5,141.5,76.0,65.5,116.0,97.0,39.5,157.0,286.5,72.5,67.5,104.0,126.0,175.0,227.5,54.0,151.0,158.0,159.5,123.0,167.5,258.5,221.0,151.5,160.5,132.0,124.5,154.0,205.0,200.5,233.0,238.5,180.5,209.0,134.0,137.0,151.0,143.0,81.0,88.5,54.0,100.5,79.5,131.0,143.5,74.0,61.0,120.5,41.5,133.0,143.5,209.0,250.0,62.0,72.5
80.0,84.0,267.0,167.0,551.5,231.5,100.5,281.0,263.0,601.0,365.5,298.0,314.5,230.5,270.0,702.5,286.0,78.0,217.0,120.0,242.0,93.0,347.5,143.0,216.0,164.0,104.5,136.5,42.5,143.0,198.5,35.0,163.5,297.5,90.5,66.5,94.5,146.5,186.0,163.0,74.5,145.5,156.0,134.5,134.5,156.5,257.5,182.5,146.5,155.0,101.5,148.0,149.5,208.0,204.0,238.5,213.0,182.0,210.0,137.0,128.5,150.0,133.0,102.0,78.5,59.0,101.0,78.5,144.0,161.5,62.0,45.5,122.5,36.5,132.0,172.5,179.0,222.0,50.5,58.0
129.0,85.5,268.0,171.5,471.0,215.0,88.5,269.5,247.5,620.0,343.5,274.5,299.5,259.5,206.5,626.5,303.0,72.0,193.5,115.0,246.5,88.5,257.0,136.5,200.5,130.0,151.5,133.5,50.5,138.0,94.0,51.0,124.5,247.5,71.5,40.5,74.5,132.5,192.0,185.5,54.0,106.0,158.0,158.0,109.0,127.0,241.5,170.0,132.5,159.0,118.0,149.5,129.5,196.5,198.5,214.0,194.5,201.0,212.5,124.0,150.0,130.5,138.5,103.5,106.0,70.0,76.0,73.5,110.0,126.5,54.5,55.0,111.5,38.0,142.5,144.0,195.0,253.5,57.5,70.5
79.5,107.5,226.5,216.5,509.5,202.5,105.0,275.5,277.5,584.5,383.5,265.5,297.5,232.5,286.5,603.5,276.5,63.5,185.5,138.5,270.5,68.0,351.5,177.5,160.0,130.0,134.5,136.5,56.5,95.0,105.0,47.0,109.0,187.5,82.0,47.5,72.5,105.0,149.0,165.5,65.0,119.0,138.0,156.0,108.0,157.0,249.0,132.0,135.0,158.0,89.0,137.0,106.5,223.0,227.5,230.5,205.0,145.0,180.0,112.0,134.0,143.5,136.0,90.0,95.0,52.5,70.0,90.5,103.0,133.0,73.5,49.0,89.0,44.5,122.5,136.0,171.0,218.5,46.5,47.0
63.5,84.5,181.5,156.5,411.0,153.0,86.0,203.0,263.5,469.0,324.0,262.0,254.0,209.5,237.5,486.5,262.0,63.5,201.0,130.5,256.5,97.5,263.0,113.5,199.5,96.5,78.5,84.0,30.0,144.5,64.0,24.5,123.5,252.5,62.5,56.0,66.5,106.0,133.0,171.0,67.5,102.0,159.0,132.0,99.5,127.0,247.5,112.0,95.0,136.5,82.5,114.0,98.0,175.0,182.0,199.5,213.0,182.5,201.5,124.0,116.0,111.5,135.0,93.0,70.0,44.0,70.0,74.0,94.0,126.0,71.5,45.0,82.0,25.5,91.5,143.5,208.5,203.0,35.0,40.0
73.5,71.5,206.5,129.0,390.0,137.0,68.5,222.5,198.0,476.5,269.5,315.0,195.5,191.0,203.0,441.5,251.5,51.0,188.5,134.5,249.0,58.0,285.0,136.5,139.0,124.0,117.0,123.0,43.5,92.5,88.0,39.0,82.5,156.5,46.0,42.0,61.5,100.0,129.0,122.5,45.0,103.5,116.5,131.0,76.0,115.5,218.0,108.0,112.0,114.5,79.5,104.0,91.5,169.0,145.0,147.0,169.5,171.5,150.5,86.5,126.0,116.5,108.0,51.5,82.5,50.0,71.0,49.0,83.5,83.5,47.5,32.0,83.5,24.0,78.0,95.0,188.5,181.0,45.0,53.5
49.5,85.5,130.0,127.5,296.5,146.0,59.0,183.5,279.5,661.5,317.5,236.0,190.5,167.5,221.5,596.5,212.0,52.5,116.0,129.5,176.5,71.5,256.0,87.5,142.5,89.5,103.0,77.0,33.5,78.0,72.5,17.0,87.0,191.5,63.0,43.5,50.0,76.5,93.5,96.0,46.0,86.5,116.5,124.5,72.0,104.5,196.5,107.0,64.5,111.5,77.0,118.0,99.5,115.0,129.0,119.0,180.5,104.5,125.5,77.0,114.0,88.0,126.5,68.5,76.0,30.0,58.0,58.5,85.0,109.5,39.0,39.0,64.0,24.5,51.5,50.5,186.5,183.5,41.5,44.0
42.5,68.0,145.5,86.0,256.5,97.5,65.0,136.5,210.0,376.0,230.5,247.0,197.5,149.0,234.0,385.5,234.0,55.0,128.5,107.0,182.5,63.5,167.0,94.0,118.0,62.5,54.5,84.5,44.0,83.0,50.0,28.0,95.0,160.5,36.0,36.0,37.0,61.5,77.5,74.5,31.5,71.5,87.0,96.5,83.0,78.5,165.5,94.0,67.5,74.0,65.0,140.0,86.0,103.5,135.0,112.0,128.0,137.5,115.5,62.0,115.5,72.5,79.5,55.0,48.0,26.0,47.5,47.5,57.0,63.0,31.5,24.0,55.0,16.0,53.5,31.0,108.0,124.0,35.0,40.5
48.5,48.5,99.5,78.5,185.5,82.0,61.0,204.0,105.0,262.5,171.0,117.5,138.0,112.5,186.5,342.5,195.5,34.5,122.5,80.5,221.0,48.0,183.5,81.0,57.0,63.5,73.0,76.5,41.5,51.5,49.0,32.0,31.0,103.5,37.0,27.0,32.5,60.0,56.5,56.5,32.0,63.5,86.5,107.0,39.0,75.5,122.0,55.5,61.0,77.0,56.5,90.5,60.5,93.5,84.5,82.5,176.0,88.0,111.5,79.5,66.0,90.0,59.0,37.5,54.0,31.5,59.0,33.0,54.0,81.5,34.5,22.0,54.5,15.5,45.5,38.0,73.5,111.0,38.0,34.0
19.5,49.5,53.0,55.5,114.0,86.5,36.0,91.5,79.0,134.0,132.0,82.0,96.5,69.5,107.0,143.0,109.0,27.5,69.0,83.5,155.0,31.0,102.5,63.0,71.0,35.0,32.0,51.5,35.0,78.0,40.0,26.5,68.5,136.0,19.0,18.5,42.5,50.5,44.5,52.5,21.5,62.5,82.0,65.0,40.0,46.0,87.5,33.0,41.5,58.5,25.0,51.5,46.5,65.5,94.0,62.5,106.5,73.0,72.0,50.5,51.0,49.0,84.0,41.5,39.0,27.0,45.5,29.5,47.5,53.5,24.5,17.0,36.0,13.5,29.5,18.0,34.5,77.0,14.5,17.0
11.0,22.0,46.0,29.0,54.0,41.5,23.5,46.0,42.5,49.0,66.5,36.5,47.0,59.5,54.5,125.0,65.5,25.0,48.0,45.0,66.5,33.0,67.5,49.0,35.0,45.0,41.5,27.5,17.0,27.5,35.0,18.0,34.0,81.5,12.0,19.5,13.5,36.5,41.0,20.5,11.5,26.5,38.5,56.5,17.0,27.5,57.0,18.0,21.0,43.0,33.0,42.0,25.0,47.5,64.0,39.5,60.5,53.5,47.0,32.0,48.0,35.0,41.0,43.0,23.5,21.0,33.5,32.5,23.0,33.0,14.5,16.5,19.0,6.5,9.5,13.0,10.5,31.5,11.5,9.0
13.5,14.0,24.5,18.0,26.5,13.5,17.5,36.0,14.5,16.5,19.0,17.0,22.5,17.0,31.0,65.0,40.0,12.0,31.0,30.5,49.0,15.0,82.0,43.5,24.5,15.5,18.0,46.5,12.0,18.5,15.5,13.5,29.5,27.5,11.0,12.0,12.0,28.5,21.5,16.0,6.5,28.5,14.0,31.0,15.0,16.5,21.5,7.5,13.5,20.0,13.5,14.5,17.0,20.5,26.5,20.0,45.5,19.0,41.0,22.0,29.5,31.5,33.5,16.0,14.5,14.0,16.0,10.0,11.0,13.5,7.5,3.0,10.0,0.5,1.5,2.5,5.0,15.5,2.5,10.0
5.0,10.5,13.5,9.0,9.5,4.5,2.5,10.5,4.5,1.0,3.5,5.0,9.0,6.5,6.0,13.5,16.0,2.5,5.5,8.5,29.5,7.0,25.5,13.0,15.5,6.5,7.5,9.5,5.0,11.5,9.5,5.0,24.0,54.0,12.0,2.0,10.5,12.5,15.5,9.0,4.5,13.0,24.5,6.5,4.0,4.0,8.5,1.5,2.5,2.5,1.5,8.5,4.0,12.5,6.5,10.5,11.5,8.0,10.5,10.0,23.5,7.5,18.0,6.5,13.5,12.0,5.5,3.0,6.5,4.5,3.0,1.0,0.5,0.0,3.5,0.0,0.5,5.0,0.0,3.0
